Time_scraped,Gametime,Country,League,Match,bookie_home,highest_odd_home,bookie_draw,highest_odd_draw,bookie_away,highest_odd_away,TotalBookies,average_odd_home,average_odd_draw,average_odd_away,std_home,std_draw,std_away,median_home,median_draw,median_away,url
2023-03-20 13:09:41.739338,2023-03-20 21:30:00,,,,Bet Victor,2.55,Unibet,2.95,Bet365,3.3,26,2.2521214896214894,2.576442307692307,2.782692307692308,0.6530292680386226,0.7480128074659792,1.0086112222423147,2.4222222222222225,2.8,3.1,https://www.oddschecker.com/football/world/argentina/primera-division/newells-v-san-lorenzo/winner
2023-03-20 13:15:51.931298,2023-03-20 21:30:00,argentina,primera-division,newellssan lorenzo,Bet Victor,2.55,Unibet,2.95,Bet365,3.3,26,2.2492368742368742,2.576442307692307,2.782692307692308,0.6524982972297534,0.7480128074659792,1.0086112222423147,2.4222222222222225,2.8,3.1,https://www.oddschecker.com/football/world/argentina/primera-division/newells-v-san-lorenzo/winner
2023-03-20 13:43:23.154804,2023-03-20 21:30:00,argentina,primera-division,newellssan lorenzo,SBK,2.523809523809524,Unibet,2.95,Betfair,3.5,26,2.348076923076923,2.7003815628815624,3.0931818181818183,0.4728102413719774,0.5429217423037994,0.6297473862607331,2.45,2.8,3.2,https://www.oddschecker.com/football/world/argentina/primera-division/newells-v-san-lorenzo/winner
2023-03-20 16:36:04.387349,2023-03-20 21:30:00,argentina,primera-division,newellssan lorenzo,SBK,2.583333333333333,SBK,2.9,Betfair,3.4,26,2.369597069597069,2.6939271255060726,3.0919400452488697,0.4776397623559243,0.5429791407984246,0.6291767042400904,2.488095238095238,2.8,3.2,https://www.oddschecker.com/football/world/argentina/primera-division/newells-v-san-lorenzo/winner
2023-03-20 17:06:13.251744,2023-03-20 21:30:00,argentina,primera-division,newellssan lorenzo,SBK,2.583333333333333,Matchbook,2.9,SBK,3.4,26,2.3638278388278384,2.692004048582996,3.0937500000000004,0.4768848048062615,0.5419793350304594,0.6281578875814338,2.4630952380952382,2.8,3.2,https://www.oddschecker.com/football/world/argentina/primera-division/newells-v-san-lorenzo/winner
2023-03-20 17:36:54.177344,2023-03-20 21:30:00,argentina,primera-division,newellssan lorenzo,SBK,2.625,SBK,2.9,SBK,3.4545454545454546,26,2.369276556776557,2.690080971659919,3.107386363636365,0.4791574259376486,0.5424795579492685,0.6301538338367149,2.4630952380952382,2.8,3.2,https://www.oddschecker.com/football/world/argentina/primera-division/newells-v-san-lorenzo/winner
2023-03-20 18:06:01.819118,2023-03-20 21:30:00,argentina,primera-division,newellssan lorenzo,SBK,2.6,Matchbook,2.9,SBK,3.4,26,2.376968864468864,2.692004048582996,3.08798076923077,0.4793881808081381,0.5419793350304594,0.6292211376096587,2.4630952380952382,2.8,3.2,https://www.oddschecker.com/football/world/argentina/primera-division/newells-v-san-lorenzo/winner
2023-03-20 18:36:00.441497,2023-03-20 21:30:00,argentina,primera-division,newellssan lorenzo,SBK,2.583333333333333,Matchbook,2.9,SBK,3.4545454545454546,26,2.3676739926739923,2.685548004626952,3.107386363636365,0.4775638040450147,0.5401685071467325,0.6301538338367149,2.488095238095238,2.8,3.2,https://www.oddschecker.com/football/world/argentina/primera-division/newells-v-san-lorenzo/winner
2023-03-20 19:06:02.021253,2023-03-20 21:30:00,argentina,primera-division,newellssan lorenzo,Matchbook,2.6,Matchbook,2.9,Betfair,3.5,26,2.376327838827838,2.678817235396182,3.122596153846154,0.479702289413992,0.5393896599200525,0.6353188481631573,2.488095238095238,2.8,3.225,https://www.oddschecker.com/football/world/argentina/primera-division/newells-v-san-lorenzo/winner
2023-03-20 19:36:01.037911,2023-03-20 21:30:00,argentina,primera-division,newellssan lorenzo,SBK,2.583333333333333,Matchbook,2.9,SBK,3.4,26,2.3724816849816843,2.678817235396182,3.1129807692307705,0.4782923309737392,0.5393896599200525,0.6309570033011703,2.488095238095238,2.8,3.2,https://www.oddschecker.com/football/world/argentina/primera-division/newells-v-san-lorenzo/winner
2023-03-20 20:06:02.461644,2023-03-20 21:30:00,argentina,primera-division,newellssan lorenzo,SBK,2.6,Matchbook,2.9,Betfair,3.5,26,2.3731227106227104,2.688432620011568,3.105463286713288,0.4793885481636235,0.5419040105212175,0.6322299573820596,2.4630952380952382,2.8,3.2,https://www.oddschecker.com/football/world/argentina/primera-division/newells-v-san-lorenzo/winner
2023-03-20 20:36:01.712017,2023-03-20 21:30:00,argentina,primera-division,newellssan lorenzo,Betfair,2.625,Spreadex,2.9,SBK,3.5,26,2.380677655677655,2.6898351648351646,3.103365384615385,0.481712296750553,0.5429942101282684,0.636014083626303,2.5,2.8,3.2,https://www.oddschecker.com/football/world/argentina/primera-division/newells-v-san-lorenzo/winner
2023-03-20 21:06:06.411365,2023-03-20 21:30:00,argentina,primera-division,newellssan lorenzo,SBK,2.6,Spreadex,2.9,Betfair,3.5,26,2.374587912087912,2.682417582417582,3.0975961538461547,0.4789570438012021,0.5417298908169239,0.6321515765656508,2.5,2.8,3.2,https://www.oddschecker.com/football/world/argentina/primera-division/newells-v-san-lorenzo/winner
2023-03-21 06:08:15.254262,2023-03-21 17:45:00,International,friendlies,raufosshamkam,Skybet,1.9090909090909087,Unibet,3.5,Unibet,4.2,26,0.4896751798925712,0.8894230769230771,1.0615384615384615,0.807761891029064,1.4673067471516263,1.751225268441614,0.0,0.0,0.0,https://www.oddschecker.com/football/friendlies/raufoss-v-hamkam/winner
2023-03-21 06:38:21.879824,2023-03-21 17:45:00,International,friendlies,raufosshamkam,Skybet,1.9090909090909087,Unibet,3.5,Unibet,4.2,26,0.492016317016317,0.8961538461538462,1.0461538461538462,0.8117918866693521,1.477974385442342,1.7270429973781485,0.0,0.0,0.0,https://www.oddschecker.com/football/friendlies/raufoss-v-hamkam/winner
2023-03-21 07:07:51.177805,2023-03-21 17:45:00,International,friendlies,raufosshamkam,Bet Victor,1.9,Unibet,3.5,Unibet,4.2,26,0.4871794871794872,0.8961538461538462,1.0519230769230767,0.8036283596501091,1.478169546128113,1.7357375271951714,0.0,0.0,0.0,https://www.oddschecker.com/football/friendlies/raufoss-v-hamkam/winner
2023-03-21 07:38:22.680455,2023-03-21 17:45:00,International,friendlies,raufosshamkam,Bet Victor,1.85,Bet Victor,3.5,Unibet,4.2,26,0.4833333333333334,0.9096153846153848,1.053846153846154,0.7969493115174924,1.5007702657410775,1.7388061265023569,0.0,0.0,0.0,https://www.oddschecker.com/football/friendlies/raufoss-v-hamkam/winner
2023-03-21 12:37:44.539553,2023-03-21 19:45:00,english,league-1,accringtonplymouth argyle,Betfair,1.6666666666666663,LiveScore Bet,4.2,Matchbook,6.0,26,1.6008660268841266,3.948178137651821,5.478846153846154,0.0289550543591411,0.1123091444756942,0.2354100664973442,1.6,4.0,5.5,https://www.oddschecker.com/football/english/league-1/accrington-v-plymouth-argyle/winner
2023-03-21 12:37:56.489712,2023-03-21 20:00:00,english,league-1,barnsleysheffield wednesday,Matchbook,2.8,SBK,2.8181818181818183,SBK,3.3,26,2.641798642533937,2.757885535517114,3.1355407750144595,0.0656453967845299,0.044161054498236,0.0899183988914591,2.625,2.75,3.1,https://www.oddschecker.com/football/english/league-1/barnsley-v-sheffield-wednesday/winner
2023-03-21 12:38:08.333321,2023-03-21 19:45:00,english,league-2,bradford citycarlisle,SBK,2.4444444444444446,Betfair,3.25,Matchbook,3.4,26,2.352029914529914,3.095903010033445,3.1910819949281484,0.0503699378010909,0.0734475973576482,0.0907270755048952,2.35,3.1,3.2,https://www.oddschecker.com/football/english/league-2/bradford-city-v-carlisle/winner
2023-03-21 12:38:21.131286,2023-03-21 19:45:00,english,league-2,crawleydoncaster,SBK,2.5,Bet365,3.1,QuinnBet,3.5,26,2.376282051282051,2.914624798278644,3.352673796791444,0.0675301573852453,0.1038760448563863,0.0672301936889951,2.3875,2.9,3.381818181818182,https://www.oddschecker.com/football/english/league-2/crawley-v-doncaster/winner
2023-03-21 12:38:33.964147,2023-03-21 19:45:00,english,league-2,gillinghamcrewe,William Hill,1.8,Bet365,3.5,Matchbook,5.8,26,1.760272594159829,3.3763563234151466,5.082692307692307,0.029915594089032,0.0798058706113209,0.3353936572528523,1.75,3.4,5.0,https://www.oddschecker.com/football/english/league-2/gillingham-v-crewe/winner
2023-03-21 12:38:46.228177,2023-03-21 19:45:00,,,,VBet,2.230769230769231,VBet,3.230769230769231,Sporting Index,3.4,26,1.7435765943458252,2.448298816568048,2.624151583710408,0.8517055313800969,1.1999623447147154,1.2826486964531365,2.15,3.0,3.2,https://www.oddschecker.com/football/english/non-league/national-league-north/banbury-united-v-curzon-ashton/winner
2023-03-21 12:38:59.086536,2023-03-21 19:45:00,,,,SBK,2.3157894736842106,Unibet,3.05,VBet,3.466666666666667,26,1.7835987404408462,2.332622630992196,2.646794871794872,0.8720161508716985,1.1400784965274986,1.2943914125420448,2.2,2.9,3.25,https://www.oddschecker.com/football/english/non-league/national-league-north/farsley-celtic-v-darlington/winner
2023-03-21 12:39:11.200591,2023-03-21 19:45:00,,,,SBK,2.4761904761904763,Unibet,2.95,Unibet,3.3,26,1.8742338217338208,2.282692307692308,2.554395604395604,0.917945480114488,1.1159576611499604,1.2484147356273017,2.3,2.775,3.1,https://www.oddschecker.com/football/english/non-league/national-league-north/kings-lynn-v-afc-fylde/winner
2023-03-21 12:39:23.123338,2023-03-21 19:45:00,,,,SBK,2.5384615384615383,SBK,2.875,Betfair,3.3,26,1.9461221470836847,2.1895299145299143,2.542307692307692,0.951158419160605,1.0708502547501555,1.244483388931103,2.375,2.675,3.1125,https://www.oddschecker.com/football/english/non-league/national-league-north/southport-v-alfreton/winner
2023-03-21 12:39:34.445130,2023-03-21 19:45:00,,,,Paddy Power,2.05,SBK,3.6,Betfair,3.8,26,1.423385321146515,2.4211538461538464,2.5807692307692305,0.8649519807741515,1.476167925935979,1.5713833275589308,1.929545454545455,3.2,3.475,https://www.oddschecker.com/football/english/non-league/national-league-north/spennymoor-v-leamington/winner
2023-03-21 12:39:46.642313,2023-03-21 19:45:00,,,,William Hill,2.45,Betfair,3.1,Unibet,3.2,26,1.9108974358974355,2.336740890688259,2.4085042246083432,0.9337847158009768,1.143801209328501,1.1781461461242035,2.375,2.875,2.95,https://www.oddschecker.com/football/english/non-league/national-league-south/chippenham-town-v-weymouth/winner
2023-03-21 12:39:58.732753,2023-03-21 19:45:00,,,,SBK,1.6111111111111112,VBet,4.3,SBK,5.2,26,1.2585103785103786,3.1075910931174087,3.9942307692307697,0.6148700862241997,1.5247198355376963,1.9545965018916565,1.55,3.75,5.0,https://www.oddschecker.com/football/english/non-league/national-league-south/farnborough-v-slough/winner
2023-03-21 12:40:10.446248,2023-03-21 19:45:00,,,,VBet,1.5882352941176472,Spreadex,4.333333333333334,Skybet,5.5,26,1.125188536953243,2.884615384615384,3.73397435897436,0.6835469575184795,1.7613607009178085,2.286655270067804,1.5,3.8,5.0,https://www.oddschecker.com/football/english/non-league/national-league-south/st-albans-v-cheshunt/winner
2023-03-21 12:40:21.951308,2023-03-21 19:45:00,,,,SBK,2.3157894736842106,SBK,3.0526315789473686,Sporting Index,3.4,26,1.717914979757085,2.2183704453441293,2.455769230769231,0.9416301753813838,1.2173241668101804,1.3473675846939557,2.2,2.875,3.1375,https://www.oddschecker.com/football/english/non-league/national-league-south/welling-v-taunton-town/winner
2023-03-21 12:40:34.599712,2023-03-21 19:45:00,scottish,league-2,albion roversstranraer,VBet,2.333333333333333,Bet365,3.1,Sporting Index,3.4,26,2.051889338731444,2.7798076923076915,2.975000000000001,0.5951996760130558,0.8057620426715636,0.8628274183439895,2.225,3.0,3.2,https://www.oddschecker.com/football/scottish/league-2/albion-rovers-v-stranraer/winner
2023-03-21 12:40:46.847041,2023-03-21 19:45:00,scottish,league-2,stirling albionforfar,SBK,1.7692307692307692,Betfair Sportsbook,3.6,SBK,5.0,26,1.652439675382734,3.330128205128205,4.333974358974359,0.332153633845549,0.6750121751160478,0.910767507289314,1.7272727272727273,3.5,4.5,https://www.oddschecker.com/football/scottish/league-2/stirling-albion-v-forfar/winner
2023-03-21 12:40:58.120450,2023-03-21 23:30:00,usa,us-open-cup,west chester unitedocean city barons,Paddy Power,1.9090909090909087,Paddy Power,3.1,Betfair Sportsbook,3.9,26,0.1468531468531468,0.2384615384615384,0.2961538461538461,0.508714223202048,0.8260550005328491,1.0260007382029015,0.0,0.0,0.0,https://www.oddschecker.com/football/world/usa/us-open-cup/west-chester-united-v-ocean-city-barons/winner
2023-03-21 12:41:09.420749,2023-03-21 19:45:00,International,international-friendlies,england cwales c,William Hill,1.6153846153846154,Bet365,3.8,Bet365,4.5,26,0.1236686390532544,0.2923076923076922,0.3461538461538461,0.4284060446407894,1.0125835490402668,1.1991120975476846,0.0,0.0,0.0,https://www.oddschecker.com/football/international-friendlies/england-c-v-wales-c/winner
2023-03-21 12:41:21.392251,2023-03-21 17:45:00,International,friendlies,raufosshamkam,Unibet,1.7,Unibet,4.2,Bet Victor,4.2,26,0.4493589743589744,1.1,1.0326923076923076,0.7404012652140541,1.8127751780499,1.7070522449134078,0.0,0.0,0.0,https://www.oddschecker.com/football/friendlies/raufoss-v-hamkam/winner
2023-03-21 16:38:13.246880,2023-03-21 19:45:00,english,league-1,accringtonplymouth argyle,Coral,1.7,Skybet,4.0,Unibet,5.25,26,1.660994498079518,3.8923076923076914,4.907692307692308,0.0338390386837181,0.0997037030524286,0.1904914230313814,1.6666666666666663,3.9,4.85,https://www.oddschecker.com/football/english/league-1/accrington-v-plymouth-argyle/winner
2023-03-21 16:38:26.846265,2023-03-21 20:00:00,english,league-1,barnsleysheffield wednesday,SBK,2.655172413793103,Unibet,3.0,Betfair,3.3,26,2.559853173646277,2.849609810479375,3.128205128205128,0.0567004786216834,0.0704711343635812,0.0924233605780438,2.55,2.841666666666667,3.1,https://www.oddschecker.com/football/english/league-1/barnsley-v-sheffield-wednesday/winner
2023-03-21 16:38:41.286145,2023-03-21 19:45:00,english,league-2,bradford citycarlisle,SBK,2.416666666666667,Betfair,3.25,Smarkets,3.4,26,2.3522098515519567,3.084885454724993,3.2060302819352606,0.044877112126992,0.0861396263854673,0.1011141223434258,2.3625,3.1,3.2,https://www.oddschecker.com/football/english/league-2/bradford-city-v-carlisle/winner
2023-03-21 16:38:58.514345,2023-03-21 19:45:00,english,league-2,crawleydoncaster,SBK,2.416666666666667,Matchbook,3.2,QuinnBet,3.5,26,2.3212454212454205,2.9832493368700264,3.357805429864254,0.0614972253040373,0.1177993499466935,0.0716359942292444,2.3,3.0,3.4,https://www.oddschecker.com/football/english/league-2/crawley-v-doncaster/winner
2023-03-21 16:39:13.458597,2023-03-21 19:45:00,english,league-2,gillinghamcrewe,SBK,1.7142857142857144,Bet Victor,3.6,Matchbook,6.4,26,1.6587577166423315,3.4767241379310336,5.773076923076923,0.0249297488471704,0.1033092013868649,0.2958789933371831,1.6666666666666663,3.5,5.75,https://www.oddschecker.com/football/english/league-2/gillingham-v-crewe/winner
2023-03-21 16:39:28.011176,2023-03-21 19:45:00,,,,SBK,2.363636363636364,VBet,3.014925373134328,SBK,3.4,26,1.81513986013986,2.317171042779413,2.61401098901099,0.8875988861686126,1.1333892012733426,1.2772377487199569,2.2,2.8,3.2,https://www.oddschecker.com/football/english/non-league/national-league-north/banbury-united-v-curzon-ashton/winner
2023-03-21 16:39:42.680085,2023-03-21 19:45:00,,,,VBet,2.428571428571429,SBK,2.916666666666667,SBK,3.4545454545454546,26,1.863278388278388,2.225134952766532,2.650627313862609,0.9109646578383318,1.0877222963779285,1.296149157845418,2.3,2.7,3.25,https://www.oddschecker.com/football/english/non-league/national-league-north/farsley-celtic-v-darlington/winner
2023-03-21 16:39:58.842029,2023-03-21 19:45:00,,,,SBK,2.416666666666667,Betfair,2.9,SBK,3.5,26,1.85236516357206,2.229504048582996,2.680944055944056,0.9057682673419728,1.0891561917025243,1.3109362110995737,2.3,2.75,3.25,https://www.oddschecker.com/football/english/non-league/national-league-north/kings-lynn-v-afc-fylde/winner
2023-03-21 16:40:16.821719,2023-03-21 19:45:00,,,,Unibet,2.5,SBK,2.916666666666667,SBK,3.4,26,1.9327380952380948,2.2074786324786326,2.544230769230769,0.944564492849998,1.0799925942243846,1.247869486139424,2.375,2.7,3.1,https://www.oddschecker.com/football/english/non-league/national-league-north/southport-v-alfreton/winner
2023-03-21 16:40:33.116707,2023-03-21 19:45:00,,,,Paddy Power,1.9090909090909087,Spreadex,3.8,SBK,3.9,26,1.3538267288267294,2.542307692307692,2.651923076923077,0.8222790297680939,1.5489259496932497,1.613612810365345,1.8333333333333333,3.4,3.6,https://www.oddschecker.com/football/english/non-league/national-league-north/spennymoor-v-leamington/winner
2023-03-21 16:40:48.645169,2023-03-21 19:45:00,,,,VBet,2.4545454545454546,SBK,3.1,Unibet,3.2,26,1.89323038073038,2.359615384615384,2.443166323642912,0.9250701406436496,1.1562970764444935,1.195376134511683,2.3,2.8875,3.0,https://www.oddschecker.com/football/english/non-league/national-league-south/chippenham-town-v-weymouth/winner
2023-03-21 16:41:06.571162,2023-03-21 19:45:00,,,,SBK,1.6470588235294117,VBet,3.8181818181818175,SBK,5.8,26,1.2892341670395973,2.8544323323735084,4.2192307692307685,0.6296599134556868,1.3981398083552212,2.079990612177267,1.6,3.5,5.0,https://www.oddschecker.com/football/english/non-league/national-league-south/farnborough-v-slough/winner
2023-03-21 16:41:24.320990,2023-03-21 19:45:00,,,,Unibet,1.5714285714285714,VBet,4.6,SBK,5.6,26,1.1090742590742593,3.0051282051282047,3.747435897435897,0.6741508608420089,1.837662541393843,2.29885094070935,1.5,4.0,5.0,https://www.oddschecker.com/football/english/non-league/national-league-south/st-albans-v-cheshunt/winner
2023-03-21 16:41:40.905884,2023-03-21 19:45:00,,,,SBK,2.3157894736842106,Betfred,3.1,SBK,3.1538461538461537,26,1.7313765182186234,2.3116396761133604,2.326109467455621,0.9491615742047266,1.2669683949683892,1.275877585502451,2.2,3.0,3.0,https://www.oddschecker.com/football/english/non-league/national-league-south/welling-v-taunton-town/winner
2023-03-21 16:41:57.354742,2023-03-21 19:45:00,scottish,league-2,albion roversstranraer,SBK,2.4761904761904763,VBet,3.0526315789473686,Betfair,3.4,26,2.210943223443223,2.797467435310685,3.0848764357814136,0.4496396142080199,0.5685687161136188,0.6223692902615354,2.3,2.9,3.2,https://www.oddschecker.com/football/scottish/league-2/albion-rovers-v-stranraer/winner
2023-03-21 16:42:18.974566,2023-03-21 19:45:00,scottish,league-2,stirling albionforfar,SBK,1.7692307692307692,SBK,3.75,SBK,4.9,26,1.627813010201674,3.393223443223443,4.384149184149184,0.3276535184034776,0.6866623521795776,0.8891631154677127,1.7,3.5,4.5,https://www.oddschecker.com/football/scottish/league-2/stirling-albion-v-forfar/winner
2023-03-21 16:42:35.856055,2023-03-21 23:30:00,usa,us-open-cup,west chester unitedocean city barons,Paddy Power,1.9090909090909087,Paddy Power,3.1,Paddy Power,3.8,26,0.1468531468531468,0.2384615384615384,0.2923076923076922,0.508714223202048,0.8260550005328491,1.0125835490402668,0.0,0.0,0.0,https://www.oddschecker.com/football/world/usa/us-open-cup/west-chester-united-v-ocean-city-barons/winner
2023-03-21 16:42:48.716461,2023-03-21 19:45:00,International,international-friendlies,england cwales c,William Hill,1.85,Betfair Sportsbook,3.9,Bet365,4.333333333333334,26,0.4057692307692307,0.848076923076923,0.8532051282051282,0.7412731930574328,1.5500918564116155,1.5645513490245009,0.0,0.0,0.0,https://www.oddschecker.com/football/international-friendlies/england-c-v-wales-c/winner
2023-03-21 16:43:01.913997,2023-03-21 17:45:00,International,friendlies,raufosshamkam,Unibet,1.7,Bet Victor,4.2,Bet Victor,4.6,26,0.4964708368554522,1.2730769230769232,1.2403846153846154,0.7452974981064894,1.9102069344823287,1.87421877216006,0.0,0.0,0.0,https://www.oddschecker.com/football/friendlies/raufoss-v-hamkam/winner
2023-03-21 17:38:21.396701,2023-03-21 19:45:00,english,league-1,accringtonplymouth argyle,SBK,1.6923076923076923,SBK,4.1,Matchbook,5.4,26,1.6430507652227109,3.956468531468531,4.974852071005918,0.0290652594648392,0.0775311708219314,0.2040197730239435,1.65,4.0,5.0,https://www.oddschecker.com/football/english/league-1/accrington-v-plymouth-argyle/winner
2023-03-21 17:38:37.905489,2023-03-21 20:00:00,english,league-1,barnsleysheffield wednesday,SBK,2.6363636363636367,Unibet,3.0,Matchbook,3.3,26,2.568919968919969,2.8785256410256403,3.08796593606031,0.0502617938938919,0.071318964109717,0.0904626974043521,2.6,2.875,3.1,https://www.oddschecker.com/football/english/league-1/barnsley-v-sheffield-wednesday/winner
2023-03-21 17:38:55.697329,2023-03-21 19:45:00,english,league-2,bradford citycarlisle,SBK,2.5384615384615383,Bet Victor,3.1,Matchbook,3.3,26,2.4427865937481323,3.0172364930894875,3.104559256532941,0.0544726837569922,0.0598506569914338,0.1042207263119327,2.45,3.0,3.1,https://www.oddschecker.com/football/english/league-2/bradford-city-v-carlisle/winner
2023-03-21 17:39:13.669341,2023-03-21 19:45:00,english,league-2,crawleydoncaster,SBK,2.4,Matchbook,3.25,Bet365,3.4,26,2.322115384615384,3.018257416760321,3.308198380566802,0.0506339251756984,0.1103425464333382,0.0699202268463443,2.3,3.0,3.3,https://www.oddschecker.com/football/english/league-2/crawley-v-doncaster/winner
2023-03-21 17:39:31.497992,2023-03-21 19:45:00,english,league-2,gillinghamcrewe,Coral,1.7,Betfair,3.6,Matchbook,6.8,26,1.6550703783396086,3.461538461538461,5.9192307692307695,0.0265642512842659,0.0786106992481646,0.3192771050709481,1.65,3.4772727272727275,6.0,https://www.oddschecker.com/football/english/league-2/gillingham-v-crewe/winner
2023-03-21 17:39:49.154983,2023-03-21 19:45:00,,,,VBet,2.35,VBet,3.014925373134328,Smarkets,3.4,26,1.803684210526316,2.3380740528128583,2.6035471881060124,0.8814342741886477,1.142623546900421,1.2723322801343764,2.2,2.875,3.2,https://www.oddschecker.com/football/english/non-league/national-league-north/banbury-united-v-curzon-ashton/winner
2023-03-21 17:40:06.577898,2023-03-21 19:45:00,,,,SBK,2.4761904761904763,Betfair,2.875,Betfair,3.5,26,1.8882936507936503,2.189785214785215,2.652550390785685,0.9238397549615692,1.0709384880679675,1.2976666891406348,2.3,2.7,3.25,https://www.oddschecker.com/football/english/non-league/national-league-north/farsley-celtic-v-darlington/winner
2023-03-21 17:40:23.738789,2023-03-21 19:45:00,,,,SBK,2.416666666666667,Betfair,2.9,SBK,3.5454545454545454,26,1.849325236167341,2.226236263736264,2.696620046620047,0.9042752964697998,1.087729902397085,1.3190508554376603,2.275,2.7,3.3,https://www.oddschecker.com/football/english/non-league/national-league-north/kings-lynn-v-afc-fylde/winner
2023-03-21 17:40:41.686232,2023-03-21 19:45:00,,,,SBK,2.5384615384615383,SBK,2.9,Betfair,3.4,26,1.941909692871231,2.2039529914529914,2.5462669683257926,0.9496373117320734,1.0781313228276883,1.2485276283750188,2.375,2.7,3.1,https://www.oddschecker.com/football/english/non-league/national-league-north/southport-v-alfreton/winner
2023-03-21 17:40:58.701513,2023-03-21 19:45:00,,,,William Hill,1.9090909090909087,SBK,3.9,SBK,3.9,26,1.3448551448551451,2.669230769230769,2.586538461538461,0.8166713626985551,1.624279539878724,1.5765442790817277,1.8333333333333333,3.6,3.4,https://www.oddschecker.com/football/english/non-league/national-league-north/spennymoor-v-leamington/winner
2023-03-21 17:41:14.062314,2023-03-21 19:45:00,,,,SBK,2.4444444444444446,SBK,3.1538461538461537,Unibet,3.2,26,1.874358974358974,2.3747982786444326,2.45085863133522,0.9159292902182296,1.1647527981347023,1.198608515127931,2.3,2.9,3.0,https://www.oddschecker.com/football/english/non-league/national-league-south/chippenham-town-v-weymouth/winner
2023-03-21 17:41:28.953150,2023-03-21 19:45:00,,,,SBK,1.6470588235294117,VBet,3.8181818181818175,SBK,5.9,26,1.2819124163920548,2.881468531468531,4.257692307692308,0.6260433189481178,1.4122285859422743,2.1038285753730537,1.5714285714285714,3.5,5.0,https://www.oddschecker.com/football/english/non-league/national-league-south/farnborough-v-slough/winner
2023-03-21 17:41:44.803961,2023-03-21 19:45:00,,,,Unibet,1.5714285714285714,Spreadex,4.6,SBK,5.9,26,1.101264993176758,3.0205128205128204,3.905128205128205,0.669326093117664,1.84986317172626,2.3956458420762994,1.5,4.0,5.15,https://www.oddschecker.com/football/english/non-league/national-league-south/st-albans-v-cheshunt/winner
2023-03-21 17:42:00.491201,2023-03-21 19:45:00,,,,SBK,2.344827586206897,Betfred,3.1,Betfair,3.2,26,1.7305702917771884,2.3077935222672066,2.343417159763314,0.9487644699354748,1.2650231843406945,1.2861042391152877,2.2,3.0,3.0,https://www.oddschecker.com/football/english/non-league/national-league-south/welling-v-taunton-town/winner
2023-03-21 17:42:14.873584,2023-03-21 19:45:00,scottish,championship,dundeeayr,SBK,1.7692307692307692,LiveScore Bet,4.2,William Hill,4.5,26,1.6907423031309667,3.8808704453441294,4.292968441814595,0.0346246439754349,0.1699866468168938,0.1611759523622248,1.6921052631578948,3.9,4.29,https://www.oddschecker.com/football/scottish/championship/dundee-v-ayr/winner
2023-03-21 17:42:27.846876,2023-03-21 19:45:00,scottish,league-2,albion roversstranraer,SBK,2.375,Bet Victor,3.1,Betfair,3.5,26,2.153296703296703,2.8534586681974736,3.154316837009144,0.4356421340424098,0.5748332318920952,0.6389483633182482,2.25,3.0,3.25,https://www.oddschecker.com/football/scottish/league-2/albion-rovers-v-stranraer/winner
2023-03-21 17:42:43.983960,2023-03-21 19:45:00,scottish,league-2,stirling albionforfar,VBet,1.6923076923076923,SBK,3.8,Smarkets,5.8,26,1.5733233772260922,3.469316586050866,4.775,0.3165398068937416,0.7016800308051689,1.0185066368123328,1.65,3.6,4.85,https://www.oddschecker.com/football/scottish/league-2/stirling-albion-v-forfar/winner
2023-03-21 17:42:58.358678,2023-03-21 23:30:00,usa,us-open-cup,west chester unitedocean city barons,Paddy Power,1.869565217391304,Paddy Power,3.2,Betfair Sportsbook,3.9,26,0.1438127090301003,0.2461538461538461,0.2961538461538461,0.4981818376285065,0.852701936033909,1.0260007382029015,0.0,0.0,0.0,https://www.oddschecker.com/football/world/usa/us-open-cup/west-chester-united-v-ocean-city-barons/winner
2023-03-21 17:43:12.424066,2023-03-21 19:45:00,International,international-friendlies,england cwales c,Betway,1.9090909090909087,Skybet,3.6,Bet365,4.2,26,0.4783216783216784,0.921153846153846,1.0576923076923077,0.7886092150788573,1.520511874648385,1.7461877326430673,0.0,0.0,0.0,https://www.oddschecker.com/football/international-friendlies/england-c-v-wales-c/winner
2023-03-21 17:43:26.596718,2023-03-21 17:45:00,International,friendlies,raufosshamkam,Unibet,1.7,Bet Victor,4.2,Bet Victor,4.6,26,0.4964708368554522,1.2730769230769232,1.2403846153846154,0.7452974981064894,1.9102069344823287,1.87421877216006,0.0,0.0,0.0,https://www.oddschecker.com/football/friendlies/raufoss-v-hamkam/winner
2023-03-21 18:07:38.077620,2023-03-21 19:45:00,english,league-1,accringtonplymouth argyle,SBK,1.6923076923076923,SBK,4.1,Unibet,5.25,26,1.6383068854222698,3.972975708502025,4.988461538461539,0.0288910119633932,0.0639356534991165,0.1744814803417501,1.65,4.0,5.0,https://www.oddschecker.com/football/english/league-1/accrington-v-plymouth-argyle/winner
2023-03-21 18:07:50.676639,2023-03-21 20:00:00,english,league-1,barnsleysheffield wednesday,Matchbook,2.7,Unibet,3.0,Betfair,3.25,26,2.5755679262258218,2.8785256410256403,3.074652326592854,0.0581515392457094,0.061157508087963,0.0838337563480339,2.6,2.875,3.1,https://www.oddschecker.com/football/english/league-1/barnsley-v-sheffield-wednesday/winner
2023-03-21 18:08:03.691052,2023-03-21 19:45:00,english,league-2,bradford citycarlisle,SBK,2.555555555555556,Betfred,3.1,Betfair,3.3,26,2.445367132867133,3.0056980315510264,3.1122515642252484,0.0584282764653701,0.0588397390218409,0.108139651602421,2.45,3.0,3.1,https://www.oddschecker.com/football/english/league-2/bradford-city-v-carlisle/winner
2023-03-21 18:08:15.685863,2023-03-21 19:45:00,english,league-2,crawleydoncaster,Betfair,2.4,Betfair,3.3,LiveScore Bet,3.4,26,2.313461538461538,3.061479933110368,3.2948499642772093,0.0538118022293585,0.1313599023545623,0.0653306720048432,2.3,3.075,3.3,https://www.oddschecker.com/football/english/league-2/crawley-v-doncaster/winner
2023-03-21 18:08:27.551296,2023-03-21 19:45:00,english,league-2,gillinghamcrewe,SBK,1.7142857142857144,Betfair,3.6,Matchbook,6.6,26,1.6562608545300843,3.461538461538461,5.9096153846153845,0.0276703450022927,0.0786106992481646,0.2825090981411827,1.6583333333333332,3.4772727272727275,6.0,https://www.oddschecker.com/football/english/league-2/gillingham-v-crewe/winner
2023-03-21 18:08:39.464662,2023-03-21 19:45:00,,,,VBet,2.35,VBet,3.014925373134328,Unibet,3.3,26,1.803684210526316,2.33038174512055,2.593818681318681,0.8814342741886477,1.138470532333764,1.2669918722427496,2.2,2.875,3.2,https://www.oddschecker.com/football/english/non-league/national-league-north/banbury-united-v-curzon-ashton/winner
2023-03-21 18:08:51.720461,2023-03-21 19:45:00,,,,SBK,2.5,Betfair,2.875,VBet,3.411764705882353,26,1.8892094017094008,2.1907467532467533,2.6408371040723986,0.92443366011488,1.071317522360939,1.291065489340576,2.3,2.7,3.225,https://www.oddschecker.com/football/english/non-league/national-league-north/farsley-celtic-v-darlington/winner
2023-03-21 18:09:03.607262,2023-03-21 19:45:00,,,,SBK,2.416666666666667,Betfair,2.9,SBK,3.5454545454545454,26,1.855094466936572,2.224313186813187,2.6870046620046626,0.9068626422893076,1.0867575684526238,1.314353896804252,2.275,2.7,3.25,https://www.oddschecker.com/football/english/non-league/national-league-north/kings-lynn-v-afc-fylde/winner
2023-03-21 18:09:15.689540,2023-03-21 19:45:00,,,,SBK,2.523809523809524,SBK,2.9,Betfair,3.4,26,1.9471153846153844,2.191452991452992,2.552036199095023,0.9516744846017916,1.0719891256850358,1.25095512331265,2.375,2.7,3.1,https://www.oddschecker.com/football/english/non-league/national-league-north/southport-v-alfreton/winner
2023-03-21 18:09:27.554890,2023-03-21 19:45:00,,,,Unibet,1.9,Spreadex,3.9,SBK,4.0,26,1.3301864801864804,2.596153846153846,2.7115384615384617,0.8078233528743762,1.5833826422302273,1.6519398673813122,1.8,3.4,3.625,https://www.oddschecker.com/football/english/non-league/national-league-north/spennymoor-v-leamington/winner
2023-03-21 18:09:39.766327,2023-03-21 19:45:00,,,,SBK,2.4444444444444446,SBK,3.2,Unibet,3.2,26,1.872435897435897,2.3861888111888114,2.45085863133522,0.9150857005948247,1.172397213791453,1.198608515127931,2.3,2.8875,3.0,https://www.oddschecker.com/football/english/non-league/national-league-south/chippenham-town-v-weymouth/winner
2023-03-21 18:09:52.863122,2023-03-21 19:45:00,,,,SBK,1.6111111111111112,VBet,3.8333333333333335,SBK,6.2,26,1.2667521367521368,2.8955128205128204,4.384615384615385,0.6185196775593562,1.4197519773488825,2.168115507086973,1.5607142857142855,3.5,5.25,https://www.oddschecker.com/football/english/non-league/national-league-south/farnborough-v-slough/winner
2023-03-21 18:10:06.062966,2023-03-21 19:45:00,,,,Spreadex,1.5454545454545454,VBet,4.5,SBK,6.4,26,1.0864468864468864,2.9910256410256406,4.049358974358975,0.659892618051503,1.8255500913682632,2.501309403969304,1.4772727272727273,3.95,5.5,https://www.oddschecker.com/football/english/non-league/national-league-south/st-albans-v-cheshunt/winner
2023-03-21 18:10:19.766530,2023-03-21 19:45:00,,,,SBK,2.344827586206897,Betfred,3.1,Betfair,3.2,26,1.7267241379310343,2.3077935222672066,2.343417159763314,0.9469532915879654,1.2650231843406945,1.2861042391152877,2.2,3.0,3.0,https://www.oddschecker.com/football/english/non-league/national-league-south/welling-v-taunton-town/winner
2023-03-21 18:10:32.881421,2023-03-21 19:45:00,scottish,league-2,albion roversstranraer,SBK,2.375,Bet Victor,3.1,Betfair,3.5,26,2.1513736263736267,2.840958668197474,3.1562399139322213,0.4355420720321785,0.5720265926780935,0.6397596438121449,2.225,2.925,3.25,https://www.oddschecker.com/football/scottish/league-2/albion-rovers-v-stranraer/winner
2023-03-21 18:10:44.609484,2023-03-21 19:45:00,scottish,league-2,stirling albionforfar,VBet,1.6923076923076923,SBK,3.947368421052632,SBK,5.6,26,1.564202498105213,3.5269076791682745,4.7615384615384615,0.3149247596565399,0.7182917415802356,1.017284062543656,1.633181818181818,3.6,4.85,https://www.oddschecker.com/football/scottish/league-2/stirling-albion-v-forfar/winner
2023-03-21 18:10:55.714867,2023-03-21 23:30:00,usa,us-open-cup,west chester unitedocean city barons,Paddy Power,1.869565217391304,Paddy Power,3.2,Betfair Sportsbook,3.9,26,0.1438127090301003,0.2461538461538461,0.2961538461538461,0.4981818376285065,0.852701936033909,1.0260007382029015,0.0,0.0,0.0,https://www.oddschecker.com/football/world/usa/us-open-cup/west-chester-united-v-ocean-city-barons/winner
2023-03-21 18:11:08.757741,2023-03-21 19:45:00,International,international-friendlies,england cwales c,Betway,1.9090909090909087,Skybet,3.6,Bet365,4.2,26,0.4783216783216784,0.9134615384615384,1.0461538461538462,0.7886092150788573,1.507134168668093,1.727154344630935,0.0,0.0,0.0,https://www.oddschecker.com/football/international-friendlies/england-c-v-wales-c/winner
2023-03-21 18:38:12.777735,2023-03-21 19:45:00,english,league-1,accringtonplymouth argyle,SBK,1.6923076923076923,SBK,4.1,BoyleSports,5.5,26,1.6268047337278104,3.961538461538462,5.09412955465587,0.0311956181970473,0.0775932346224308,0.2021424082508673,1.6153846153846154,4.0,5.05,https://www.oddschecker.com/football/english/league-1/accrington-v-plymouth-argyle/winner
2023-03-21 18:38:28.151170,2023-03-21 20:00:00,english,league-1,barnsleysheffield wednesday,SBK,2.655172413793103,Unibet,3.0,Betfair,3.25,26,2.564447190740294,2.8964866863905323,3.072581320675695,0.0518986228706597,0.0649288754651946,0.0870432900382725,2.575,2.875,3.0763157894736843,https://www.oddschecker.com/football/english/league-1/barnsley-v-sheffield-wednesday/winner
2023-03-21 18:38:46.085267,2023-03-21 19:45:00,english,league-2,bradford citycarlisle,Matchbook,2.6,Bet Victor,3.1,Matchbook,3.3,26,2.446632747594286,3.0133903392433337,3.096866948840633,0.0630040203337727,0.0639101872622358,0.1078988478751441,2.45,3.0,3.1,https://www.oddschecker.com/football/english/league-2/bradford-city-v-carlisle/winner
2023-03-21 18:39:03.767796,2023-03-21 19:45:00,english,league-2,crawleydoncaster,SBK,2.4,Matchbook,3.3,SBK,3.4,26,2.3109890109890108,3.066188811188812,3.297337278106509,0.0539994174495719,0.1270992247023843,0.0732772808540246,2.3,3.1,3.3,https://www.oddschecker.com/football/english/league-2/crawley-v-doncaster/winner
2023-03-21 18:39:21.632050,2023-03-21 19:45:00,english,league-2,gillinghamcrewe,SBK,1.6842105263157894,Matchbook,3.75,Betfair,6.6,26,1.6368472451974474,3.5062834224598927,6.063461538461539,0.0281252057545998,0.1033945698740277,0.323013959065981,1.633181818181818,3.5,6.0,https://www.oddschecker.com/football/english/league-2/gillingham-v-crewe/winner
2023-03-21 18:39:38.368040,2023-03-21 19:45:00,,,,SBK,2.363636363636364,VBet,3.014925373134328,SBK,3.3529411764705883,26,1.813216783216784,2.3130740528128584,2.6083548804137044,0.8867083507837296,1.1308148710429753,1.2736977127383198,2.2,2.8375,3.2,https://www.oddschecker.com/football/english/non-league/national-league-north/banbury-united-v-curzon-ashton/winner
2023-03-21 18:39:55.473245,2023-03-21 19:45:00,,,,SBK,2.4444444444444446,Betfair,2.875,Betfair,3.5,26,1.8909188034188031,2.190168384247332,2.644683257918553,0.9248455242063576,1.0708044696992407,1.293765382750952,2.325,2.7,3.2,https://www.oddschecker.com/football/english/non-league/national-league-north/farsley-celtic-v-darlington/winner
2023-03-21 18:40:12.305182,2023-03-21 19:45:00,,,,SBK,2.4615384615384617,Betfair,2.9,SBK,3.5,26,1.8701990317374928,2.2010699826489297,2.6814102564102567,0.9142502935577024,1.0760340398359989,1.3115799740278418,2.3,2.7,3.25,https://www.oddschecker.com/football/english/non-league/national-league-north/kings-lynn-v-afc-fylde/winner
2023-03-21 18:40:29.549195,2023-03-21 19:45:00,,,,SBK,2.555555555555556,SBK,2.9,Betfair,3.4,26,1.9483363858363856,2.191452991452992,2.5539592760181,0.9524336639566182,1.0719891256850358,1.2518149433206156,2.375,2.7,3.1125,https://www.oddschecker.com/football/english/non-league/national-league-north/southport-v-alfreton/winner
2023-03-21 18:40:48.370704,2023-03-21 19:45:00,,,,Unibet,1.9,Spreadex,3.9,SBK,4.1,26,1.317715617715618,2.609615384615384,2.7403846153846154,0.8005730281162633,1.5907194327125909,1.6702152803876025,1.8,3.5,3.7,https://www.oddschecker.com/football/english/non-league/national-league-north/spennymoor-v-leamington/winner
2023-03-21 18:41:05.834553,2023-03-21 19:45:00,,,,Betfair,2.4,Betfair,3.2,Unibet,3.3,26,1.825756860098965,2.43628762541806,2.4798076923076926,0.8937669867718518,1.1907468194129134,1.2185272327132888,2.25,3.0,3.0,https://www.oddschecker.com/football/english/non-league/national-league-south/chippenham-town-v-weymouth/winner
2023-03-21 18:41:21.290389,2023-03-21 19:45:00,,,,VBet,1.6111111111111112,VBet,3.8333333333333335,SBK,6.4,26,1.2614713064713068,2.891666666666666,4.448076923076924,0.6161021447283753,1.4182438430293285,2.2070464413063084,1.55,3.5,5.5,https://www.oddschecker.com/football/english/non-league/national-league-south/farnborough-v-slough/winner
2023-03-21 18:41:36.388375,2023-03-21 19:45:00,,,,VBet,1.5142857142857142,VBet,4.5,Betfair,6.8,26,1.0698717948717946,3.0070512820512816,4.233974358974359,0.6501822107854054,1.836164323997332,2.6366519204798133,1.4444444444444444,4.0,5.5,https://www.oddschecker.com/football/english/non-league/national-league-south/st-albans-v-cheshunt/winner
2023-03-21 18:41:52.387302,2023-03-21 19:45:00,,,,SBK,2.344827586206897,Betfred,3.1,Betfair,3.2,26,1.7267241379310343,2.3077935222672066,2.343417159763314,0.9469532915879654,1.2650231843406945,1.2861042391152877,2.2,3.0,3.0,https://www.oddschecker.com/football/english/non-league/national-league-south/welling-v-taunton-town/winner
2023-03-21 18:42:04.890915,2023-03-21 19:45:00,scottish,championship,dundeeayr,SBK,1.75,LiveScore Bet,4.2,SBK,4.6,26,1.6881681139373443,3.902024291497976,4.30061403508772,0.0392973432643995,0.1730039858627294,0.1807951571951333,1.7,3.9,4.333333333333334,https://www.oddschecker.com/football/scottish/championship/dundee-v-ayr/winner
2023-03-21 18:42:19.171406,2023-03-21 19:45:00,scottish,league-2,albion roversstranraer,SBK,2.375,SBK,3.0526315789473686,Betfair,3.5,26,2.1706043956043954,2.820867575080065,3.138932221624529,0.4383592791602462,0.5686714876583842,0.6369074896330418,2.25,2.9,3.25,https://www.oddschecker.com/football/scottish/league-2/albion-rovers-v-stranraer/winner
2023-03-21 18:42:33.433525,2023-03-21 19:45:00,scottish,league-2,stirling albionforfar,SBK,1.7647058823529411,SBK,3.8,SBK,4.9,26,1.631643392726984,3.444055944055944,4.299999999999999,0.3279456409289592,0.701254177100413,0.887375849026723,1.7,3.6,4.5,https://www.oddschecker.com/football/scottish/league-2/stirling-albion-v-forfar/winner
2023-03-21 18:42:48.445046,2023-03-21 23:30:00,usa,us-open-cup,west chester unitedocean city barons,Paddy Power,1.869565217391304,Paddy Power,3.2,Betfair Sportsbook,3.9,26,0.1438127090301003,0.2461538461538461,0.2961538461538461,0.4981818376285065,0.852701936033909,1.0260007382029015,0.0,0.0,0.0,https://www.oddschecker.com/football/world/usa/us-open-cup/west-chester-united-v-ocean-city-barons/winner
2023-03-21 18:43:02.792982,2023-03-21 19:45:00,International,international-friendlies,england cwales c,Betway,1.9090909090909087,Skybet,3.6,Bet365,4.2,26,0.4783216783216784,0.9134615384615384,1.0461538461538462,0.7886092150788573,1.507134168668093,1.727154344630935,0.0,0.0,0.0,https://www.oddschecker.com/football/international-friendlies/england-c-v-wales-c/winner
2023-03-21 19:07:53.977678,2023-03-21 19:45:00,english,league-2,bradford citycarlisle,SBK,2.5384615384615383,Skybet,3.1,Matchbook,3.3,26,2.442176093137632,3.0172364930894875,3.0903846153846155,0.0562749900502708,0.065964626213881,0.1135267087934265,2.45,3.0,3.1,https://www.oddschecker.com/football/english/league-2/bradford-city-v-carlisle/winner
2023-03-21 19:08:05.855910,2023-03-21 19:45:00,english,league-2,crawleydoncaster,SBK,2.4,Matchbook,3.3,LiveScore Bet,3.4,26,2.3061813186813183,3.0777272727272726,3.289758092586147,0.0536497384809787,0.1268076542739196,0.0699913055644581,2.3,3.1,3.3,https://www.oddschecker.com/football/english/league-2/crawley-v-doncaster/winner
2023-03-21 19:08:18.089821,2023-03-21 19:45:00,english,league-2,gillinghamcrewe,SBK,1.6842105263157894,Matchbook,3.7,Matchbook,6.8,26,1.6370018982367158,3.508319621554916,6.048076923076923,0.0284599135436296,0.0941667841482222,0.3268382242823978,1.64,3.5,6.0,https://www.oddschecker.com/football/english/league-2/gillingham-v-crewe/winner
2023-03-21 19:08:30.061461,2023-03-21 19:45:00,,,,VBet,2.4,VBet,3.0625,Sporting Index,3.4,26,1.8266783216783216,2.304577759197324,2.597777957336781,0.8933747791461739,1.127188165833799,1.270028224696766,2.2,2.8,3.2,https://www.oddschecker.com/football/english/non-league/national-league-north/banbury-united-v-curzon-ashton/winner
2023-03-21 19:08:42.484918,2023-03-21 19:45:00,,,,VBet,2.4615384615384617,SBK,2.916666666666667,VBet,3.533333333333333,26,1.8915762656147268,2.1984960552268245,2.657226107226108,0.925140846970124,1.0758172380469515,1.3009791214244515,2.3,2.7,3.2,https://www.oddschecker.com/football/english/non-league/national-league-north/farsley-celtic-v-darlington/winner
2023-03-21 19:08:56.442533,2023-03-21 19:45:00,,,,SBK,2.4761904761904763,Betfair,2.9,SBK,3.5,26,1.8717241092241088,2.197802197802198,2.675641025641025,0.915345488926704,1.0744143730510671,1.3087332458313448,2.3,2.7,3.25,https://www.oddschecker.com/football/english/non-league/national-league-north/kings-lynn-v-afc-fylde/winner
2023-03-21 19:09:08.625671,2023-03-21 19:45:00,,,,SBK,2.555555555555556,SBK,2.9,Betfair,3.4,26,1.9483363858363856,2.191452991452992,2.5597285067873305,0.9524336639566182,1.0719891256850358,1.2546031213237836,2.375,2.7,3.125,https://www.oddschecker.com/football/english/non-league/national-league-north/southport-v-alfreton/winner
2023-03-21 19:09:20.854523,2023-03-21 19:45:00,,,,Unibet,1.9,Spreadex,3.9,SBK,4.1,26,1.2903749028749028,2.636538461538461,2.8134615384615387,0.7841287238650936,1.6060916304631525,1.7131032173036436,1.7386363636363638,3.5,3.8,https://www.oddschecker.com/football/english/non-league/national-league-north/spennymoor-v-leamington/winner
2023-03-21 19:09:33.510955,2023-03-21 19:45:00,,,,SBK,2.2777777777777777,VBet,3.2777777777777777,VBet,3.3529411764705883,26,1.759733534439417,2.4904914529914537,2.5385746606334845,0.860594527935577,1.2183999998024424,1.243542095650122,2.15,3.05,3.1,https://www.oddschecker.com/football/english/non-league/national-league-south/chippenham-town-v-weymouth/winner
2023-03-21 19:09:45.103796,2023-03-21 19:45:00,,,,VBet,1.625,VBet,4.0,SBK,6.2,26,1.260723443223443,2.8999999999999995,4.448076923076924,0.6158277436718984,1.4223490862221282,2.1982720823248867,1.5333333333333332,3.5,5.5,https://www.oddschecker.com/football/english/non-league/national-league-south/farnborough-v-slough/winner
2023-03-21 19:09:58.413756,2023-03-21 19:45:00,,,,VBet,1.5238095238095235,VBet,4.6,Betfair,6.8,26,1.0733132227249873,3.032692307692308,4.187820512820513,0.652023136781001,1.8536316904355576,2.5962355954207337,1.4444444444444444,4.0,5.55,https://www.oddschecker.com/football/english/non-league/national-league-south/st-albans-v-cheshunt/winner
2023-03-21 19:10:11.137997,2023-03-21 19:45:00,,,,SBK,2.363636363636364,Betfred,3.1,Coral,3.2,26,1.7293706293706297,2.301923076923077,2.345192307692308,0.9486424458653088,1.261903382961229,1.28755170229963,2.2,3.0,3.0,https://www.oddschecker.com/football/english/non-league/national-league-south/welling-v-taunton-town/winner
2023-03-21 19:10:23.314894,2023-03-21 19:45:00,scottish,championship,dundeeayr,Midnite,1.73,Betfair,4.333333333333334,Bet Victor,4.6,26,1.6709377060186776,3.960998650472335,4.325614035087719,0.0417947216485329,0.1697659539714952,0.1831327315562055,1.6666666666666663,3.975,4.333333333333334,https://www.oddschecker.com/football/scottish/championship/dundee-v-ayr/winner
2023-03-21 19:10:34.693654,2023-03-21 19:45:00,scottish,league-2,albion roversstranraer,SBK,2.416666666666667,VBet,3.083333333333333,Betfair,3.5,26,2.176248313090418,2.815705128205128,3.1459013209013205,0.440200301359995,0.5677465526917443,0.6387150278455613,2.25,2.9,3.25,https://www.oddschecker.com/football/scottish/league-2/albion-rovers-v-stranraer/winner
2023-03-21 19:10:46.909155,2023-03-21 19:45:00,scottish,league-2,stirling albionforfar,Coral,1.75,SBK,3.8461538461538463,Betfair,5.0,26,1.6371789105065844,3.437963959117804,4.2756410256410255,0.3299292093280958,0.7020956127917032,0.8901554503783393,1.7119815668202767,3.6,4.5,https://www.oddschecker.com/football/scottish/league-2/stirling-albion-v-forfar/winner
2023-03-21 19:10:58.530564,2023-03-21 23:30:00,usa,us-open-cup,west chester unitedocean city barons,Paddy Power,1.869565217391304,Paddy Power,3.2,Betfair Sportsbook,3.9,26,0.1438127090301003,0.2461538461538461,0.2961538461538461,0.4981818376285065,0.852701936033909,1.0260007382029015,0.0,0.0,0.0,https://www.oddschecker.com/football/world/usa/us-open-cup/west-chester-united-v-ocean-city-barons/winner
2023-03-21 19:11:10.385088,2023-03-21 19:45:00,International,international-friendlies,england cwales c,Betway,1.9090909090909087,Skybet,3.6,Bet365,4.2,26,0.4783216783216784,0.9134615384615384,1.0461538461538462,0.7886092150788573,1.507134168668093,1.727154344630935,0.0,0.0,0.0,https://www.oddschecker.com/football/international-friendlies/england-c-v-wales-c/winner
2023-03-21 19:38:17.768462,2023-03-21 19:45:00,english,league-1,accringtonplymouth argyle,SBK,1.6923076923076923,SBK,4.1,BoyleSports,5.5,26,1.635798816568047,3.959615384615385,5.048076923076923,0.0296110148951501,0.0734051333999704,0.1767662348276614,1.64,4.0,5.0,https://www.oddschecker.com/football/english/league-1/accrington-v-plymouth-argyle/winner
2023-03-21 19:38:31.064225,2023-03-21 20:00:00,english,league-1,barnsleysheffield wednesday,SBK,2.6363636363636367,Unibet,3.0,Betfair,3.25,26,2.5613569123184514,2.89077087442472,3.074652326592854,0.0484902881017729,0.0609013291957876,0.0883024884850494,2.55,2.875,3.0763157894736843,https://www.oddschecker.com/football/english/league-1/barnsley-v-sheffield-wednesday/winner
2023-03-21 19:38:46.441394,2023-03-21 19:45:00,english,league-2,bradford citycarlisle,SBK,2.523809523809524,Skybet,3.1,Matchbook,3.3,26,2.441612554112554,3.0172364930894875,3.092307692307692,0.0553741157852993,0.065964626213881,0.1157685918714801,2.45,3.0,3.1,https://www.oddschecker.com/football/english/league-2/bradford-city-v-carlisle/winner
2023-03-21 19:38:58.130476,2023-03-21 19:45:00,english,league-2,crawleydoncaster,SBK,2.4,Matchbook,3.3,LiveScore Bet,3.4,26,2.3109890109890108,3.0690734265734267,3.2878350156630702,0.0544427590040223,0.124304196984417,0.0703693578507533,2.3,3.1,3.3,https://www.oddschecker.com/football/english/league-2/crawley-v-doncaster/winner
2023-03-21 19:39:13.600296,2023-03-21 19:45:00,english,league-2,gillinghamcrewe,SBK,1.6923076923076923,Matchbook,3.7,Matchbook,6.8,26,1.6382991066248986,3.507867132867133,6.051923076923076,0.0269236304816053,0.0905022161722281,0.3303496892079108,1.6385294117647058,3.5,6.0,https://www.oddschecker.com/football/english/league-2/gillingham-v-crewe/winner
2023-03-21 19:39:29.175689,2023-03-21 19:45:00,,,,VBet,2.4,VBet,3.0625,Sporting Index,3.4,26,1.8266783216783216,2.3038461538461537,2.597777957336781,0.8933747791461739,1.1267708777505503,1.270028224696766,2.2,2.8,3.2,https://www.oddschecker.com/football/english/non-league/national-league-north/banbury-united-v-curzon-ashton/winner
2023-03-21 19:39:44.504628,2023-03-21 19:45:00,,,,SBK,2.416666666666667,SBK,2.916666666666667,VBet,3.5,26,1.858080296896086,2.230128205128205,2.6540209790209794,0.9086930371053336,1.0905604027794396,1.2989177893886878,2.275,2.7,3.225,https://www.oddschecker.com/football/english/non-league/national-league-north/farsley-celtic-v-darlington/winner
2023-03-21 19:40:00.183948,2023-03-21 19:45:00,,,,SBK,2.4761904761904763,Betfair,2.9,SBK,3.5,26,1.882417582417582,2.191895604395605,2.680769230769231,0.920929760803804,1.0724718170486924,1.3117865770271622,2.3,2.7,3.25,https://www.oddschecker.com/football/english/non-league/national-league-north/kings-lynn-v-afc-fylde/winner
2023-03-21 19:40:14.156772,2023-03-21 19:45:00,,,,SBK,2.5384615384615383,SBK,2.9,Betfair,3.4,26,1.947678923640462,2.191452991452992,2.5597285067873305,0.9520200855832004,1.0719891256850358,1.2546031213237836,2.375,2.7,3.125,https://www.oddschecker.com/football/english/non-league/national-league-north/southport-v-alfreton/winner
2023-03-21 19:40:30.876103,2023-03-21 19:45:00,,,,William Hill,1.8,Spreadex,3.9,SBK,4.4,26,1.27472062251474,2.661538461538462,2.883333333333333,0.7742792106910228,1.6200253851470077,1.759661972200984,1.7272727272727273,3.5,3.8,https://www.oddschecker.com/football/english/non-league/national-league-north/spennymoor-v-leamington/winner
2023-03-21 19:40:48.036257,2023-03-21 19:45:00,scottish,championship,dundeeayr,SBK,1.736842105263158,LiveScore Bet,4.333333333333334,Bet Victor,4.8,26,1.6642361619487125,3.957152496626181,4.36663967611336,0.0418930339714656,0.1630417091556163,0.2015131027574123,1.6666666666666663,4.0,4.333333333333334,https://www.oddschecker.com/football/scottish/championship/dundee-v-ayr/winner
2023-03-21 19:41:04.708957,2023-03-21 19:45:00,scottish,league-2,albion roversstranraer,SBK,2.4,Bet Victor,3.1,SBK,3.4,26,2.160222672064777,2.8416666666666663,3.145726495726495,0.4389024366336461,0.5727007168767219,0.6351587647505755,2.25,2.9,3.25,https://www.oddschecker.com/football/scottish/league-2/albion-rovers-v-stranraer/winner
2023-03-21 19:41:19.947622,2023-03-21 19:45:00,scottish,league-2,stirling albionforfar,Spreadex,1.75,SBK,3.9,Betfair,5.2,26,1.6180805114813208,3.4536713286713288,4.393589743589744,0.3261181234071557,0.7031183598042257,0.913959603306406,1.7,3.6,4.5,https://www.oddschecker.com/football/scottish/league-2/stirling-albion-v-forfar/winner
2023-03-21 19:41:36.494983,2023-03-21 23:30:00,usa,us-open-cup,west chester unitedocean city barons,Paddy Power,1.869565217391304,Paddy Power,3.2,Betfair Sportsbook,3.9,26,0.1438127090301003,0.2461538461538461,0.2961538461538461,0.4981818376285065,0.852701936033909,1.0260007382029015,0.0,0.0,0.0,https://www.oddschecker.com/football/world/usa/us-open-cup/west-chester-united-v-ocean-city-barons/winner
2023-03-21 19:41:53.714051,2023-03-21 19:45:00,International,international-friendlies,england cwales c,Betway,1.9090909090909087,Skybet,3.6,Bet365,4.2,26,0.4783216783216784,0.9134615384615384,1.0461538461538462,0.7886092150788573,1.507134168668093,1.727154344630935,0.0,0.0,0.0,https://www.oddschecker.com/football/international-friendlies/england-c-v-wales-c/winner
2023-03-21 20:07:41.412910,2023-03-21 23:30:00,usa,us-open-cup,west chester unitedocean city barons,Paddy Power,1.869565217391304,Paddy Power,3.2,Betfair Sportsbook,3.9,26,0.1438127090301003,0.2461538461538461,0.2961538461538461,0.4981818376285065,0.852701936033909,1.0260007382029015,0.0,0.0,0.0,https://www.oddschecker.com/football/world/usa/us-open-cup/west-chester-united-v-ocean-city-barons/winner
2023-03-21 20:38:28.921680,2023-03-21 23:30:00,usa,us-open-cup,west chester unitedocean city barons,Paddy Power,1.8333333333333333,Paddy Power,3.3,Paddy Power,4.0,26,0.141025641025641,0.2538461538461538,0.3076923076923077,0.4885271508527603,0.8793488715349684,1.0658774200423862,0.0,0.0,0.0,https://www.oddschecker.com/football/world/usa/us-open-cup/west-chester-united-v-ocean-city-barons/winner
2023-03-21 21:07:59.441682,2023-03-21 23:30:00,usa,us-open-cup,west chester unitedocean city barons,Paddy Power,1.8333333333333333,Paddy Power,3.3,Paddy Power,4.0,26,0.141025641025641,0.2538461538461538,0.3076923076923077,0.4885271508527603,0.8793488715349684,1.0658774200423862,0.0,0.0,0.0,https://www.oddschecker.com/football/world/usa/us-open-cup/west-chester-united-v-ocean-city-barons/winner
2023-03-21 21:38:53.330559,2023-03-21 23:30:00,usa,us-open-cup,west chester unitedocean city barons,Paddy Power,1.8333333333333333,Paddy Power,3.25,Betfair Sportsbook,3.9,26,0.141025641025641,0.25,0.2961538461538461,0.4885271508527603,0.8660254037844386,1.0260007382029015,0.0,0.0,0.0,https://www.oddschecker.com/football/world/usa/us-open-cup/west-chester-united-v-ocean-city-barons/winner
2023-03-21 22:07:51.350846,2023-03-21 23:30:00,usa,us-open-cup,west chester unitedocean city barons,Paddy Power,1.8333333333333333,Paddy Power,3.25,Betfair Sportsbook,3.9,26,0.141025641025641,0.25,0.2961538461538461,0.4885271508527603,0.8660254037844386,1.0260007382029015,0.0,0.0,0.0,https://www.oddschecker.com/football/world/usa/us-open-cup/west-chester-united-v-ocean-city-barons/winner
2023-03-21 22:38:28.556276,2023-03-21 23:30:00,usa,us-open-cup,west chester unitedocean city barons,Paddy Power,1.8333333333333333,Paddy Power,3.25,Betfair Sportsbook,3.9,26,0.141025641025641,0.25,0.2961538461538461,0.4885271508527603,0.8660254037844386,1.0260007382029015,0.0,0.0,0.0,https://www.oddschecker.com/football/world/usa/us-open-cup/west-chester-united-v-ocean-city-barons/winner
2023-03-22 00:36:31.149426,2023-03-22 12:30:00,International,international-friendlies,indiamyanmar,Bet Victor,1.2857142857142856,Betfair Sportsbook,6.5,Midnite,11.0,26,0.657554710247018,2.681196581196581,4.145779220779222,0.6096495838174623,2.728218616754352,4.511240655831065,1.1483516483516485,2.1,1.7272727272727273,https://www.oddschecker.com/football/international-friendlies/india-v-myanmar/winner
2023-03-22 01:06:28.592199,2023-03-22 12:30:00,International,international-friendlies,indiamyanmar,Bet Victor,1.2857142857142856,Betfair Sportsbook,6.5,Midnite,11.0,26,0.6601290589752129,3.076923076923077,4.944230769230769,0.611781648119587,2.861287726814852,4.626976228993255,1.167832167832168,5.25,7.5,https://www.oddschecker.com/football/international-friendlies/india-v-myanmar/winner
2023-03-22 02:36:07.275865,2023-03-22 11:00:00,International,international-friendlies,nepallaos,Betfair Sportsbook,1.5333333333333332,888sport,4.5,Betfred,7.0,26,0.508925518925519,1.505,1.992307692307692,0.7000015744359628,2.070100796505404,2.768250360637852,0.0,0.0,0.0,https://www.oddschecker.com/football/international-friendlies/nepal-v-laos/winner
2023-03-22 02:36:18.120403,2023-03-22 12:30:00,International,international-friendlies,indiamyanmar,Bet Victor,1.2857142857142856,Betfair Sportsbook,6.5,Midnite,11.0,26,0.661046891143045,3.0846153846153843,4.951923076923077,0.612574521908459,2.867918342858069,4.633209569743178,1.1706730769230769,5.25,7.5,https://www.oddschecker.com/football/international-friendlies/india-v-myanmar/winner
2023-03-22 03:06:29.424071,2023-03-22 11:00:00,International,international-friendlies,nepallaos,Paddy Power,1.5,VBet,4.7,Betfred,6.5,26,0.5071227465345113,1.521666666666667,1.926923076923077,0.6972447346896502,2.093896553743231,2.6677284621806985,0.0,0.0,0.0,https://www.oddschecker.com/football/international-friendlies/nepal-v-laos/winner
2023-03-22 03:06:45.309722,2023-03-22 12:30:00,International,international-friendlies,indiamyanmar,Bet Victor,1.2857142857142856,Betfair Sportsbook,6.5,Midnite,11.0,26,0.6595463083924623,3.0846153846153843,4.959615384615384,0.6112914572045465,2.867918342858069,4.639421781586109,1.16025641025641,5.25,7.5,https://www.oddschecker.com/football/international-friendlies/india-v-myanmar/winner
2023-03-22 03:36:03.908480,2023-03-22 11:00:00,International,international-friendlies,nepallaos,Paddy Power,1.5,VBet,4.7,Betfred,6.5,26,0.5071227465345113,1.521666666666667,1.9288461538461537,0.6972447346896502,2.093896553743231,2.6701041854105143,0.0,0.0,0.0,https://www.oddschecker.com/football/international-friendlies/nepal-v-laos/winner
2023-03-22 03:36:15.807221,2023-03-22 12:30:00,International,international-friendlies,indiamyanmar,Bet Victor,1.2857142857142856,Betfair Sportsbook,6.5,Midnite,11.0,26,0.6595463083924623,3.0846153846153843,4.967307692307693,0.6112914572045465,2.867918342858069,4.647599510824675,1.16025641025641,5.25,7.5,https://www.oddschecker.com/football/international-friendlies/india-v-myanmar/winner
2023-03-22 04:06:03.197199,2023-03-22 11:00:00,International,international-friendlies,nepallaos,SBK,1.5142857142857142,Betfair Sportsbook,4.333333333333334,Betfred,6.5,26,0.6791618185735833,1.810128205128205,2.4096153846153845,0.7339505870634911,2.114140523830811,2.830398831327256,0.0,0.0,0.0,https://www.oddschecker.com/football/international-friendlies/nepal-v-laos/winner
2023-03-22 04:06:19.566274,2023-03-22 12:30:00,International,international-friendlies,indiamyanmar,Bet Victor,1.2857142857142856,Betfair Sportsbook,6.5,Midnite,11.0,26,0.6629318117779656,3.0846153846153843,4.951923076923077,0.6142447335292025,2.867918342858069,4.635201447145668,1.1769230769230767,5.25,7.5,https://www.oddschecker.com/football/international-friendlies/india-v-myanmar/winner
2023-03-22 04:35:49.855073,2023-03-22 11:00:00,International,international-friendlies,nepallaos,SBK,1.5142857142857142,SBK,4.6,Midnite,6.5,26,0.7347173741291387,2.178076923076923,2.875,0.7351064778602145,2.179870648769071,2.881480989405915,0.7,2.1,2.7,https://www.oddschecker.com/football/international-friendlies/nepal-v-laos/winner
2023-03-22 04:36:01.494928,2023-03-22 12:30:00,International,international-friendlies,indiamyanmar,Bet Victor,1.2857142857142856,Betfair Sportsbook,6.5,Midnite,11.0,26,0.6690720390720392,3.0846153846153843,4.967307692307693,0.6197047851691104,2.867918342858069,4.647599510824675,1.2,5.25,7.5,https://www.oddschecker.com/football/international-friendlies/india-v-myanmar/winner
2023-03-22 05:35:51.964317,2023-03-22 11:00:00,International,international-friendlies,nepallaos,888sport,1.5,SBK,4.6,Midnite,6.5,26,0.7854499748617395,2.3588461538461543,3.134615384615384,0.7275074620585428,2.185918208037253,2.908434988587546,1.42,4.2,5.5,https://www.oddschecker.com/football/international-friendlies/nepal-v-laos/winner
2023-03-22 05:36:04.306644,2023-03-22 12:30:00,International,international-friendlies,indiamyanmar,Bet Victor,1.2857142857142856,Betfair Sportsbook,6.5,Midnite,11.0,26,0.6628220390720391,3.0846153846153843,4.951923076923077,0.6140650672581993,2.867918342858069,4.635201447145668,1.19375,5.25,7.5,https://www.oddschecker.com/football/international-friendlies/india-v-myanmar/winner
2023-03-22 06:06:10.262055,2023-03-22 11:00:00,International,international-friendlies,nepallaos,SBK,1.5,SBK,4.6,Midnite,6.5,26,0.7843187531422824,2.3588461538461543,3.136538461538461,0.7264175589144142,2.185918208037253,2.90975011127402,1.42,4.2,5.5,https://www.oddschecker.com/football/international-friendlies/nepal-v-laos/winner
2023-03-22 06:06:24.554182,2023-03-22 12:30:00,International,international-friendlies,indiamyanmar,Bet Victor,1.2857142857142856,Betfair Sportsbook,6.5,Midnite,11.0,26,0.663827283827284,3.0884615384615377,4.967307692307693,0.6150369584932422,2.871354132846211,4.647599510824675,1.181818181818182,5.25,7.5,https://www.oddschecker.com/football/international-friendlies/india-v-myanmar/winner
2023-03-22 06:35:51.490026,2023-03-22 11:00:00,International,international-friendlies,nepallaos,SBK,1.5,SBK,4.7,Midnite,6.5,26,0.7843187531422824,2.362692307692308,3.134615384615384,0.7264175589144142,2.189942437527621,2.90803823746053,1.42,4.2,5.5,https://www.oddschecker.com/football/international-friendlies/nepal-v-laos/winner
2023-03-22 06:36:03.688690,2023-03-22 12:30:00,International,international-friendlies,indiamyanmar,Bet Victor,1.2857142857142856,Betfair Sportsbook,6.5,Midnite,11.0,26,0.6685064282123107,3.0884615384615377,4.959615384615384,0.6191807977689293,2.871354132846211,4.641410992997405,1.2,5.25,7.5,https://www.oddschecker.com/football/international-friendlies/india-v-myanmar/winner
2023-03-22 07:06:13.656584,2023-03-22 11:00:00,International,international-friendlies,nepallaos,SBK,1.5,SBK,4.7,Midnite,6.5,26,0.7843187531422824,2.36397435897436,3.128846153846154,0.7264175589144142,2.191085673060952,2.902425149002491,1.42,4.2,5.5,https://www.oddschecker.com/football/international-friendlies/nepal-v-laos/winner
2023-03-22 07:06:27.949258,2023-03-22 12:30:00,International,international-friendlies,indiamyanmar,Bet Victor,1.2857142857142856,Betfair Sportsbook,6.5,Midnite,11.0,26,0.6606221556221556,3.0884615384615377,4.959615384615384,0.6121844199843192,2.871354132846211,4.641410992997405,1.1742424242424243,5.25,7.5,https://www.oddschecker.com/football/international-friendlies/india-v-myanmar/winner
2023-03-22 07:35:50.556954,2023-03-22 11:00:00,International,international-friendlies,nepallaos,SBK,1.4857142857142858,SBK,4.7,Midnite,6.5,26,0.7810830999066293,2.36397435897436,3.1634615384615383,0.7233083815374332,2.191085673060952,2.934920969067916,1.42,4.2,5.5,https://www.oddschecker.com/football/international-friendlies/nepal-v-laos/winner
2023-03-22 07:36:03.517125,2023-03-22 12:30:00,International,international-friendlies,indiamyanmar,Bet Victor,1.2857142857142856,Betfair Sportsbook,6.5,Midnite,11.0,26,0.6621227383727385,3.0884615384615377,4.967307692307693,0.613462985449054,2.871354132846211,4.647599510824675,1.1846590909090908,5.25,7.5,https://www.oddschecker.com/football/international-friendlies/india-v-myanmar/winner
2023-03-22 09:36:06.535650,2023-03-22 19:45:00,english,league-2,mansfieldgrimsby,SBK,1.9090909090909087,Bet365,3.6,Spreadex,4.5,26,1.8379370629370628,3.4754524886877816,4.301282051282052,0.0512306706472424,0.1016688838320028,0.1317147816113952,1.8416666666666668,3.5,4.333333333333334,https://www.oddschecker.com/football/english/league-2/mansfield-v-grimsby/winner
2023-03-22 09:36:18.781541,2023-03-22 11:00:00,International,international-friendlies,nepallaos,SBK,1.5142857142857142,Paddy Power,4.5,Betfred,6.5,26,0.9590763484881132,2.843461538461538,3.878846153846154,0.6983143373074739,2.0708457500054376,2.83077772260432,1.4444444444444444,4.25,5.75,https://www.oddschecker.com/football/international-friendlies/nepal-v-laos/winner
2023-03-22 09:36:30.210459,2023-03-22 12:30:00,International,international-friendlies,indiamyanmar,Midnite,1.25,Betfair Sportsbook,6.5,VBet,12.0,26,0.7021260683760684,3.4326923076923075,5.713461538461538,0.6013627831442673,2.953906875377484,4.936238791060139,1.2,5.5,9.0,https://www.oddschecker.com/football/international-friendlies/india-v-myanmar/winner
2023-03-22 09:36:42.240458,2023-03-22 19:45:00,International,international-friendlies,rep of irelandlatvia,Betfair,1.3333333333333333,Skybet,5.5,Betfair,14.2,26,1.223692886061307,5.125,12.092307692307692,0.2458773093646683,0.2394906453930283,0.9992008641228776,1.27,5.0,12.0,https://www.oddschecker.com/football/international-friendlies/rep-of-ireland-v-latvia/winner
2023-03-22 13:06:06.365022,2023-03-22 19:45:00,english,league-2,mansfieldgrimsby,SBK,1.9285714285714288,Matchbook,3.7,Betfair,4.5,26,1.8601748270798608,3.488636363636363,4.162179487179488,0.0366327946843426,0.1039986460129965,0.2051452316651565,1.85,3.5,4.2,https://www.oddschecker.com/football/english/league-2/mansfield-v-grimsby/winner
2023-03-22 13:06:18.570592,2023-03-22 19:45:00,International,international-friendlies,rep of irelandlatvia,Betfair,1.25,Betfair,6.4,Smarkets,19.6,26,1.2126621242005855,5.765384615384615,15.580769230769231,0.0213798645161667,0.353218506889811,2.3748715318727047,1.221111111111111,5.775,15.0,https://www.oddschecker.com/football/international-friendlies/rep-of-ireland-v-latvia/winner
2023-03-22 13:06:31.043412,2023-03-22 15:45:00,International,friendlies,skeidlyn,Skybet,1.8333333333333333,Paddy Power,3.3,Paddy Power,4.2,26,0.4858974358974359,0.8721153846153847,1.1,0.8007434086988302,1.4374511182838954,1.8127751780499,0.0,0.0,0.0,https://www.oddschecker.com/football/friendlies/skeid-v-lyn/winner
2023-03-22 13:37:10.102063,2023-03-22 19:45:00,english,league-2,mansfieldgrimsby,Matchbook,1.9523809523809523,Matchbook,3.7,Matchbook,4.5,26,1.871058380025771,3.465898807075277,4.133333333333333,0.041378565534696,0.1049253773434399,0.1609268029180843,1.869565217391304,3.4772727272727275,4.1,https://www.oddschecker.com/football/english/league-2/mansfield-v-grimsby/winner
2023-03-22 13:37:25.801018,2023-03-22 23:00:00,usa,us-open-cup,appalachian fcnorth carolina fusion u23,Paddy Power,2.45,Paddy Power,2.45,Paddy Power,3.4,26,0.2807692307692307,0.1884615384615384,0.3923076923076923,0.7774560243656777,0.6528499197759614,1.086250812843133,0.0,0.0,0.0,https://www.oddschecker.com/football/world/usa/us-open-cup/appalachian-fc-v-north-carolina-fusion-u23/winner
2023-03-22 13:37:42.712573,2023-03-22 23:00:00,usa,us-open-cup,manhattanmotown fc,Paddy Power,2.45,Paddy Power,2.45,Paddy Power,3.4,26,0.1884615384615384,0.1884615384615384,0.2615384615384615,0.6528499197759614,0.6528499197759614,0.905995807036028,0.0,0.0,0.0,https://www.oddschecker.com/football/world/usa/us-open-cup/manhattan-v-motown-fc/winner
2023-03-22 13:37:57.727094,2023-03-22 19:45:00,International,international-friendlies,rep of irelandlatvia,Unibet,1.24,Matchbook,6.4,Smarkets,19.6,26,1.2098679098679097,5.842307692307691,15.315384615384618,0.0181904229235123,0.2830779682254954,2.398187185177156,1.221111111111111,6.0,15.0,https://www.oddschecker.com/football/international-friendlies/rep-of-ireland-v-latvia/winner
2023-03-22 13:38:13.708431,2023-03-22 15:45:00,International,friendlies,skeidlyn,Sporting Index,2.0,Paddy Power,3.3,Paddy Power,4.0,26,0.6601680927767885,1.0596153846153844,1.2096153846153843,0.9077695619325152,1.45871184155281,1.8152145047417545,0.0,0.0,0.0,https://www.oddschecker.com/football/friendlies/skeid-v-lyn/winner
2023-03-22 14:06:43.030575,2023-03-22 19:45:00,english,league-2,mansfieldgrimsby,Betfair,1.9090909090909087,Matchbook,3.7,SBK,4.6,26,1.839289454506846,3.488636363636364,4.278846153846154,0.0374724953398085,0.0922389617506846,0.1682335126926244,1.8333333333333333,3.5,4.333333333333334,https://www.oddschecker.com/football/english/league-2/mansfield-v-grimsby/winner
2023-03-22 14:07:01.168374,2023-03-22 23:00:00,usa,us-open-cup,appalachian fcnorth carolina fusion u23,Bet Victor,2.5,Bet Victor,2.5,Bet Victor,3.75,26,0.4730769230769231,0.3807692307692308,0.6807692307692309,0.9696580254865798,0.8930368373697741,1.397186522091733,0.0,0.0,0.0,https://www.oddschecker.com/football/world/usa/us-open-cup/appalachian-fc-v-north-carolina-fusion-u23/winner
2023-03-22 14:07:14.244456,2023-03-22 23:00:00,usa,us-open-cup,manhattanmotown fc,Paddy Power,2.45,Paddy Power,2.45,Paddy Power,3.4,26,0.1884615384615384,0.1884615384615384,0.2615384615384615,0.6528499197759614,0.6528499197759614,0.905995807036028,0.0,0.0,0.0,https://www.oddschecker.com/football/world/usa/us-open-cup/manhattan-v-motown-fc/winner
2023-03-22 14:07:27.677067,2023-03-22 19:45:00,International,international-friendlies,rep of irelandlatvia,Bet365,1.2222222222222223,Matchbook,6.6,Coral,21.0,26,1.2008991008991006,5.957692307692308,16.196153846153848,0.0150767655243918,0.3078124765341054,2.543540955384044,1.2,6.0,15.0,https://www.oddschecker.com/football/international-friendlies/rep-of-ireland-v-latvia/winner
2023-03-22 14:07:41.008616,2023-03-22 15:45:00,International,friendlies,skeidlyn,888sport,2.0,Bet Victor,3.125,Sporting Index,4.0,26,0.670021645021645,1.0423076923076924,1.3269230769230769,0.9211488115147672,1.433355551178658,1.8244720400302303,0.0,0.0,0.0,https://www.oddschecker.com/football/friendlies/skeid-v-lyn/winner
2023-03-22 14:36:46.483961,2023-03-22 19:45:00,english,league-2,mansfieldgrimsby,Betfair,1.9090909090909087,Matchbook,3.7,SBK,4.6,26,1.831720634438026,3.494230769230769,4.287968441814596,0.0339598122974705,0.0943876245523695,0.1487609086267357,1.8333333333333333,3.5,4.316666666666666,https://www.oddschecker.com/football/english/league-2/mansfield-v-grimsby/winner
2023-03-22 14:36:58.949815,2023-03-22 23:00:00,usa,us-open-cup,appalachian fcnorth carolina fusion u23,Bet Victor,2.5,Bet Victor,2.5,Bet Victor,3.75,26,0.4730769230769231,0.3807692307692308,0.6807692307692309,0.9696580254865798,0.8930368373697741,1.397186522091733,0.0,0.0,0.0,https://www.oddschecker.com/football/world/usa/us-open-cup/appalachian-fc-v-north-carolina-fusion-u23/winner
2023-03-22 14:37:09.991275,2023-03-22 23:00:00,usa,us-open-cup,manhattanmotown fc,Paddy Power,2.45,Paddy Power,2.45,Paddy Power,3.4,26,0.1884615384615384,0.1884615384615384,0.2615384615384615,0.6528499197759614,0.6528499197759614,0.905995807036028,0.0,0.0,0.0,https://www.oddschecker.com/football/world/usa/us-open-cup/manhattan-v-motown-fc/winner
2023-03-22 14:37:22.607912,2023-03-22 19:45:00,International,international-friendlies,rep of irelandlatvia,Skybet,1.2222222222222223,Matchbook,6.8,Bet365,21.0,26,1.1948606948606946,6.073076923076924,16.653846153846153,0.019113352107626,0.3255854990010508,2.741312258646994,1.2,6.0,16.0,https://www.oddschecker.com/football/international-friendlies/rep-of-ireland-v-latvia/winner
2023-03-22 14:37:34.576582,2023-03-22 15:45:00,International,friendlies,skeidlyn,Bet Victor,2.05,Sporting Index,3.1,Sporting Index,4.0,26,0.7604062604062604,1.1288461538461538,1.4615384615384617,0.9623166734316044,1.4287012039532672,1.84991204012867,0.0,0.0,0.0,https://www.oddschecker.com/football/friendlies/skeid-v-lyn/winner
2023-03-22 15:07:13.974794,2023-03-22 19:45:00,english,league-2,mansfieldgrimsby,Betfair,1.9090909090909087,Matchbook,3.7,SBK,4.7,26,1.829895104895105,3.494230769230769,4.315532544378699,0.0322551789522663,0.0943876245523695,0.1632115414045385,1.8333333333333333,3.5,4.333333333333334,https://www.oddschecker.com/football/english/league-2/mansfield-v-grimsby/winner
2023-03-22 15:07:29.242867,2023-03-22 23:00:00,usa,us-open-cup,appalachian fcnorth carolina fusion u23,Bet Victor,2.5,Bet Victor,2.5,Bet Victor,3.75,26,0.3807692307692308,0.4730769230769231,0.6807692307692309,0.8930368373697741,0.9696580254865798,1.397186522091733,0.0,0.0,0.0,https://www.oddschecker.com/football/world/usa/us-open-cup/appalachian-fc-v-north-carolina-fusion-u23/winner
2023-03-22 15:07:42.193303,2023-03-22 23:00:00,usa,us-open-cup,manhattanmotown fc,Paddy Power,2.4,Paddy Power,2.5,Paddy Power,3.5,26,0.1846153846153846,0.1923076923076923,0.2692307692307692,0.6395264520254317,0.6661733875264911,0.9326427425370878,0.0,0.0,0.0,https://www.oddschecker.com/football/world/usa/us-open-cup/manhattan-v-motown-fc/winner
2023-03-22 15:07:59.251560,2023-03-22 19:45:00,International,international-friendlies,rep of irelandlatvia,Skybet,1.2222222222222223,SBK,6.6,Bet365,21.0,26,1.1966644466644465,6.073076923076922,16.48846153846154,0.0166996014912213,0.3208254885180418,2.6015272028141947,1.2,6.0,16.0,https://www.oddschecker.com/football/international-friendlies/rep-of-ireland-v-latvia/winner
2023-03-22 15:08:17.584558,2023-03-22 15:45:00,International,friendlies,skeidlyn,888sport,2.05,Betfair,3.0,Skybet,4.0,26,0.8538461538461539,1.2161982248520709,1.632692307692308,0.997200222635188,1.4207071037462269,1.9084801800472373,0.0,0.0,0.0,https://www.oddschecker.com/football/friendlies/skeid-v-lyn/winner
2023-03-22 16:36:44.960741,2023-03-22 19:45:00,english,league-2,mansfieldgrimsby,Betfair,1.9090909090909087,Matchbook,3.7,SBK,4.7,26,1.827651515151516,3.4960407239819,4.324506903353057,0.0326395604916933,0.0968183717957297,0.1645923591256027,1.8333333333333333,3.5,4.333333333333334,https://www.oddschecker.com/football/english/league-2/mansfield-v-grimsby/winner
2023-03-22 16:36:57.276268,2023-03-22 23:00:00,usa,us-open-cup,appalachian fcnorth carolina fusion u23,Bet Victor,2.5,Bet Victor,2.5,Bet Victor,3.75,26,0.5692307692307692,0.6578671328671329,1.0751131221719457,1.0394226321780875,1.0843249426265242,1.6148903352948665,0.0,0.0,0.0,https://www.oddschecker.com/football/world/usa/us-open-cup/appalachian-fc-v-north-carolina-fusion-u23/winner
2023-03-22 16:37:08.935638,2023-03-22 23:00:00,usa,us-open-cup,manhattanmotown fc,Paddy Power,2.3,Paddy Power,2.6,Paddy Power,3.5,26,0.2653846153846154,0.2,0.4038461538461538,0.7348167263350606,0.6928203230275508,1.1181993661620486,0.0,0.0,0.0,https://www.oddschecker.com/football/world/usa/us-open-cup/manhattan-v-motown-fc/winner
2023-03-22 16:37:20.732708,2023-03-22 19:45:00,International,international-friendlies,rep of irelandlatvia,Skybet,1.2222222222222223,Matchbook,7.0,Coral,23.0,26,1.1860628411307146,6.248076923076923,17.634615384615383,0.0218396926200117,0.3498573251040973,2.9206087758037325,1.181818181818182,6.1,17.0,https://www.oddschecker.com/football/international-friendlies/rep-of-ireland-v-latvia/winner
2023-03-22 17:06:54.068177,2023-03-22 19:45:00,english,league-2,mansfieldgrimsby,Betfair,1.9090909090909087,Matchbook,3.7,SBK,4.6,26,1.826150932400932,3.49478021978022,4.321794871794872,0.0384870281123796,0.0944611606975505,0.1460863541871191,1.8333333333333333,3.5,4.333333333333334,https://www.oddschecker.com/football/english/league-2/mansfield-v-grimsby/winner
2023-03-22 17:07:06.251192,2023-03-22 23:00:00,usa,us-open-cup,appalachian fcnorth carolina fusion u23,Bet Victor,2.5,Bet Victor,2.5,Bet Victor,3.75,26,0.5692307692307692,0.6578671328671329,1.0751131221719457,1.0394226321780875,1.0843249426265242,1.6148903352948665,0.0,0.0,0.0,https://www.oddschecker.com/football/world/usa/us-open-cup/appalachian-fc-v-north-carolina-fusion-u23/winner
2023-03-22 17:07:20.310747,2023-03-22 23:00:00,usa,us-open-cup,manhattanmotown fc,Paddy Power,2.3,Paddy Power,2.6,Paddy Power,3.5,26,0.2653846153846154,0.2,0.4038461538461538,0.7348167263350606,0.6928203230275508,1.1181993661620486,0.0,0.0,0.0,https://www.oddschecker.com/football/world/usa/us-open-cup/manhattan-v-motown-fc/winner
2023-03-22 17:07:35.047890,2023-03-22 19:45:00,International,international-friendlies,rep of irelandlatvia,Skybet,1.2222222222222223,Matchbook,7.2,Coral,21.0,26,1.187138688360408,6.25576923076923,17.003846153846155,0.0208946856340933,0.40580568556622,2.3738123782431906,1.181818181818182,6.0,17.0,https://www.oddschecker.com/football/international-friendlies/rep-of-ireland-v-latvia/winner
2023-03-22 17:36:34.787569,2023-03-22 23:00:00,usa,us-open-cup,appalachian fcnorth carolina fusion u23,Bet Victor,2.5,Bet Victor,2.5,Bet Victor,3.75,26,0.6634615384615384,0.7501748251748253,1.2116515837104072,1.0932096086847711,1.125755719026654,1.6674384542311227,0.0,0.0,0.0,https://www.oddschecker.com/football/world/usa/us-open-cup/appalachian-fc-v-north-carolina-fusion-u23/winner
2023-03-22 17:36:49.453470,2023-03-22 23:00:00,usa,us-open-cup,manhattanmotown fc,Paddy Power,2.3,Paddy Power,2.6,Paddy Power,3.5,26,0.2653846153846154,0.2,0.4038461538461538,0.7348167263350606,0.6928203230275508,1.1181993661620486,0.0,0.0,0.0,https://www.oddschecker.com/football/world/usa/us-open-cup/manhattan-v-motown-fc/winner
2023-03-22 17:37:02.130708,2023-03-22 19:45:00,International,international-friendlies,rep of irelandlatvia,Skybet,1.2222222222222223,Matchbook,7.0,Smarkets,23.0,26,1.1844554207732942,6.2250000000000005,17.48076923076923,0.0191725077627907,0.3522591921604579,2.683570989267448,1.181818181818182,6.0,17.0,https://www.oddschecker.com/football/international-friendlies/rep-of-ireland-v-latvia/winner
2023-03-22 18:07:15.171251,2023-03-22 19:45:00,english,league-2,mansfieldgrimsby,Betfair,1.9090909090909087,Matchbook,3.75,SBK,4.7,26,1.8200611888111893,3.498513251454428,4.324358974358974,0.0360638136124068,0.1012941087698296,0.1710469751811068,1.8333333333333333,3.5,4.333333333333334,https://www.oddschecker.com/football/english/league-2/mansfield-v-grimsby/winner
2023-03-22 18:07:32.196312,2023-03-22 23:00:00,usa,us-open-cup,appalachian fcnorth carolina fusion u23,Bet Victor,2.5,Skybet,2.5,Bet Victor,3.75,26,0.7519230769230769,0.8482517482517482,1.35972850678733,1.1281776293268757,1.166058229343529,1.7218819379751251,0.0,0.0,0.0,https://www.oddschecker.com/football/world/usa/us-open-cup/appalachian-fc-v-north-carolina-fusion-u23/winner
2023-03-22 18:07:51.556390,2023-03-22 23:00:00,usa,us-open-cup,manhattanmotown fc,Paddy Power,2.3,Paddy Power,2.6,Paddy Power,3.5,26,0.2653846153846154,0.2,0.4038461538461538,0.7348167263350606,0.6928203230275508,1.1181993661620486,0.0,0.0,0.0,https://www.oddschecker.com/football/world/usa/us-open-cup/manhattan-v-motown-fc/winner
2023-03-22 18:08:11.630486,2023-03-22 19:45:00,International,international-friendlies,rep of irelandlatvia,Skybet,1.2222222222222223,Matchbook,7.0,Coral,21.0,26,1.1857908908587642,6.2250000000000005,17.384615384615383,0.0205013158505527,0.3522591921604579,2.516513508147014,1.181818181818182,6.0,17.0,https://www.oddschecker.com/football/international-friendlies/rep-of-ireland-v-latvia/winner
2023-03-22 20:06:55.437006,2023-03-22 23:00:00,usa,us-open-cup,appalachian fcnorth carolina fusion u23,Bet Victor,2.5,Bet Victor,2.55,Betway,3.75,26,0.7576923076923077,1.0405594405594405,1.5020361990950226,1.1367710942445974,1.2156500430389872,1.755850475549632,0.0,0.0,0.0,https://www.oddschecker.com/football/world/usa/us-open-cup/appalachian-fc-v-north-carolina-fusion-u23/winner
2023-03-22 20:07:10.218310,2023-03-22 23:00:00,usa,us-open-cup,manhattanmotown fc,QuinnBet,2.25,Paddy Power,2.7,Paddy Power,3.6,26,0.2557692307692308,0.2076923076923077,0.4115384615384615,0.7082381882961034,0.7194672585286106,1.13961090629718,0.0,0.0,0.0,https://www.oddschecker.com/football/world/usa/us-open-cup/manhattan-v-motown-fc/winner
