Time_scraped,Gametime,Country,League,Match,bookie_home,highest_odd_home,bookie_draw,highest_odd_draw,bookie_away,highest_odd_away,TotalBookies,average_odd_home,average_odd_draw,average_odd_away,std_home,std_draw,std_away,median_home,median_draw,median_away,url
2023-02-23 11:21:52.087093,2023-02-23 12:00:00,Indien,I-Liga,NEROCA - Rajasthan United,Betano,2.15,Betano,3.1,Bildbet,3.4,8,2.1,3.075,3.25,0.033166247903554,0.0353553390593274,0.0935414346693485,2.1,3.1,3.25,/de/fussball/neroca-rajasthan-united-907818
2023-02-23 11:21:58.669804,2023-02-23 13:00:00,Montenegro,1. Liga,FK Jedinstvo Bijelo Polje - OFK Petrovac,NEO.bet,2.7,Bwin,3.0,Betano,2.72,5,2.54,2.95,2.638,0.1200000000000001,0.0774596669241484,0.0577581163127746,2.6,3.0,2.65,/de/fussball/ofk-petrovac-fk-jedinstvo-bijelo-polje-123610
2023-02-23 11:22:04.714747,2023-02-23 13:00:00,Montenegro,1. Liga,FK Jezero - Arsenal Tivat,NEO.bet,1.84,Betano,3.6,Bildbet,7.5,5,1.632,3.36,5.34,0.1271849047646772,0.2244994432064365,1.1804236527620071,1.65,3.3,4.75,/de/fussball/arsenal-tivat-fk-jezero-182314
2023-02-23 11:22:15.597799,2023-02-23 13:00:00,Argentinien,Reserve League,Argentinos Juniors Reserve - Central Cordoba SDE Reserves,Bwin,1.49,Interwetten,4.2,Interwetten,6.5,3,1.47,3.933333333333333,5.833333333333333,0.0282842712474619,0.1885618083164128,0.4714045207910317,1.49,3.8,5.5,/de/fussball/argentinos-juniors-reserve-central-cordoba-sde-reserves-194320
2023-02-23 11:22:21.207694,2023-02-23 13:00:00,Argentinien,Reserve League,Gimnasia La Plata Reserves - Barracas Central Reserves,Interwetten,1.47,Bwin,4.0,Interwetten,6.0,3,1.4633333333333334,4.0,5.833333333333333,0.0047140452079103,0.0,0.1178511301977579,1.46,4.0,5.75,/de/fussball/gimnasia-la-plata-reserves-barracas-central-reserves-1033492
2023-02-23 11:22:44.151816,2023-02-23 13:00:00,Kosovo,Superliga,Trepca 89 - FC Ballkani,Interwetten,6.25,Interwetten,4.1,Bwin,1.47,3,5.75,3.9666666666666655,1.4633333333333334,0.3535533905932738,0.0942809041582062,0.0094280904158206,5.5,3.9,1.47,/de/fussball/trepca-89-fc-ballkani-241238
2023-02-23 11:22:53.836101,2023-02-23 14:00:00,International,Klub Freundschaftsspiele,Strömsgodset - Viking FK,Bildbet,3.13,NEO.bet,3.6,Bildbet,2.05,4,3.0575,3.475,2.0025,0.0584700778176324,0.082915619758885,0.0319178633370092,3.05,3.45,2.0,/de/fussball/viking-fk-stroemsgodset-45432
2023-02-23 11:22:59.380240,2023-02-23 14:00:00,Ägypten,2. Division,Al Nasr Taaden - El Gouna,Bildbet,2.5,mybet,3.0,mybet,3.0,5,2.378,2.876,2.826,0.1101635148313632,0.06711184694225,0.135292276202302,2.45,2.85,2.75,/de/fussball/el-gouna-al-nasr-taaden-1103078
2023-02-23 11:23:04.864660,2023-02-23 14:00:00,Ägypten,2. Division,Alominiom Nag Hammadi - La Viena,mybet,2.9,Bwin,3.0,mybet,2.4,5,2.852,2.912,2.352,0.043081318457076,0.0825590697622012,0.043081318457076,2.88,2.9,2.38,/de/fussball/alominiom-nag-hammadi-la-viena-1054652
2023-02-23 11:23:13.397063,2023-02-23 14:00:00,Ägypten,2. Division,Misr Lel Makasa - Asyut Petroleum,NEO.bet,3.4,mybet,3.1,Bildbet,2.15,5,3.29,2.992,2.066,0.0916515138991166,0.0699714227381436,0.0649923072370876,3.25,3.0,2.1,/de/fussball/misr-lel-makasa-asyut-petroleum-1078722
2023-02-23 11:23:25.100410,2023-02-23 14:00:00,Ägypten,2. Division,Telephonat Beni Suef - FC Fayoum,NEO.bet,2.8,Bwin,3.0,Bildbet,2.8,5,2.53,2.88,2.68,0.1363818169698584,0.0979795897113272,0.1122497216032181,2.45,2.8,2.65,/de/fussball/telephonat-beni-suef-fc-fayoum-189371
2023-02-23 11:23:36.145730,2023-02-23 14:00:00,Saudi Arabien,Professional League,AL Taawoun - Al Feiha,Bet365,1.8,Bet365,3.75,mybet,4.75,7,1.7457142857142858,3.6,4.071428571428571,0.049528388066742,0.1035098339013532,0.2901442287369986,1.76,3.55,4.0,/de/fussball/al-taawoun-al-feiha-140916
2023-02-23 11:24:30.965555,2023-02-23 14:00:00,Tansania,Premier League,Polisi Tanzania - FC Mbeya City,Bwin,2.25,NEO.bet,3.0,Betano,3.25,5,2.234,2.902,3.09,0.0205912602819739,0.0541848687365762,0.1113552872566004,2.25,2.87,3.0,/de/fussball/fc-mbeya-city-polisi-tanzania-38687
2023-02-23 11:24:40.632904,2023-02-23 14:00:00,Äthiopien,Premier League,Arba Minch - Hawassa Kenema,Betano,2.5,Bwin,2.8,mybet,3.75,7,2.3457142857142856,2.691428571428572,3.178571428571429,0.0714856914468389,0.1259737582002776,0.2684042032579419,2.3,2.74,3.0,/de/fussball/hawassa-kenema-arba-minch-231821
2023-02-23 11:24:48.983227,2023-02-23 14:30:00,Serbien,SuperLiga,Napredak Krusevac - Radnicki Nis,NEO.bet,2.64,Betano,2.8,Betano,2.95,6,2.5283333333333333,2.7333333333333334,2.83,0.0738052994182817,0.0471404520791031,0.0577350269189627,2.515,2.75,2.8,/de/fussball/radnicki-nis-napredak-krusevac-39033
2023-02-23 11:25:12.124755,2023-02-23 15:00:00,Algerien,U21 Liga,ES Setif U21 - NC Magra U21,NEO.bet,1.72,Bwin,3.4,Bwin,4.1,4,1.705,3.3875,4.0,0.0086602540378443,0.0216506350946108,0.1060660171779819,1.7,3.4,4.025,/de/fussball/es-setif-u21-nc-magra-u21-180399
2023-02-23 11:25:19.959932,2023-02-23 15:00:00,Algerien,U21 Liga,JS Kabylie U21 - USM Alger U21,NEO.bet,2.5,mybet,3.15,NEO.bet,2.5,4,2.4875,3.1,2.4625000000000004,0.0216506350946108,0.0353553390593274,0.0216506350946108,2.5,3.1,2.45,/de/fussball/js-kabylie-u21-usm-alger-u21-155821
2023-02-23 11:25:28.913347,2023-02-23 15:00:00,Algerien,U21 Liga,JS Saoura U21 - US Biskra U21,Bwin,1.26,Bwin,5.5,NEO.bet,8.8,4,1.2325,5.3,8.2,0.0277263412660235,0.2000000000000001,0.4623310502226734,1.235,5.3,8.125,/de/fussball/js-saoura-u21-us-biskra-u21-214515
2023-02-23 11:25:36.551538,2023-02-23 15:00:00,Algerien,U21 Liga,MC Alger U21 - RC Arbaa U21,NEO.bet,1.35,Bwin,4.5,Bwin,8.5,4,1.3250000000000002,4.375,7.375,0.016583123951777,0.1299038105676657,1.1299889379989525,1.32,4.4,7.45,/de/fussball/rc-arbaa-u21-mc-alger-u21-156234
2023-02-23 11:25:52.026245,2023-02-23 15:00:00,Algerien,U21 Liga,Paradou AC U21 - ASO Chlef U21,NEO.bet,1.56,Bwin,3.8,Bwin,5.25,4,1.5325,3.675,4.95,0.0227760839478607,0.125,0.3020761493398643,1.53,3.675,4.975,/de/fussball/aso-chlef-u21-paradou-ac-u21-156077
2023-02-23 11:25:59.040533,2023-02-23 15:00:00,Algerien,U21 Liga,USM Khenchela U21 - MCE Baydh U21,NEO.bet,2.54,Bwin,3.2,NEO.bet,2.46,4,2.4850000000000003,3.1375,2.4475,0.0377491721763536,0.064951905283833,0.0108972473588516,2.475,3.1500000000000004,2.45,/de/fussball/usm-khenchela-u21-mce-baydh-u21-1021589
2023-02-23 11:26:06.782397,2023-02-23 15:00:00,Montenegro,1. Liga,FK Iskra Danilovgrad - FK Rudar Pljevlja,Sportingbet,2.15,Betano,3.3,NEO.bet,3.55,6,2.0733333333333333,3.1416666666666666,3.216666666666667,0.0780313327381308,0.0931694990624911,0.1840893502864542,2.085,3.125,3.2,/de/fussball/fk-rudar-pljevlja-fk-iskra-danilovgrad-123619
2023-02-23 11:26:26.750621,2023-02-23 15:00:00,Indien,Super League,Bengaluru - FC Goa,Bet365,2.8,mybet,3.7,Betano,2.35,8,2.69875,3.4,2.31125,0.0814612638006555,0.1436140661634507,0.0317952433549423,2.725,3.375,2.3,/de/fussball/bengaluru-fc-goa-148093
2023-02-23 11:26:33.385355,2023-02-23 15:00:00,Afrika,CAF U20 Meisterschaft,Central African Republic U20 - South Sudan U20,Interwetten,1.85,Bildbet,3.3,Bildbet,4.33,5,1.804,3.23,4.046,0.0257681974534502,0.0399999999999998,0.1471869559437928,1.8,3.2,4.0,/de/fussball/south-sudan-u20-central-african-republic-u20-1096981
2023-02-23 11:26:44.723893,2023-02-23 16:00:00,Montenegro,1. Liga,FK Mornar - FK Sutjeska Niksic,Bildbet,5.0,Betano,3.35,Interwetten,1.73,6,4.725,3.25,1.695,0.1909406539564933,0.0499999999999999,0.0354729944229878,4.725,3.25,1.7,/de/fussball/fk-mornar-fk-sutjeska-niksic-123587
2023-02-23 11:26:56.964217,2023-02-23 16:00:00,Asien,AFC Champions League,AL Duhail SC - Al Shabab Riyadh,Interwetten,2.45,Stake.com,3.45,Betano,2.75,8,2.41625,3.31875,2.70875,0.0259506743650333,0.0933324032691755,0.0472857007984443,2.415,3.325,2.725,/de/fussball/al-duhail-sc-al-shabab-riyadh-1102962
2023-02-23 11:27:24.163070,2023-02-23 16:30:00,Serbien,SuperLiga,FK Vozdovac - Mladost Lucani,Interwetten,2.05,Betano,3.2,Betano,3.85,6,1.965,3.1416666666666666,3.5166666666666666,0.0419324854180303,0.0885845484394554,0.1674979270186815,1.95,3.175,3.475,/de/fussball/fk-vozdovac-mladost-lucani-39385
2023-02-23 11:27:41.564056,2023-02-23 17:00:00,Äthiopien,Premier League,Adama City - Welkite Ketema,mybet,2.65,Betano,2.95,mybet,3.1,7,2.572857142857143,2.704285714285714,2.815714285714286,0.0577468083754506,0.1211677871922287,0.1318935872866719,2.55,2.7,2.8,/de/fussball/adama-city-welkite-ketema-211328
2023-02-23 11:28:01.714351,2023-02-23 17:30:00,Slowenien,1. SNL,NK Domzale - NK Maribor,Bildbet,4.33,Betano,3.65,Interwetten,1.85,7,3.8685714285714288,3.55,1.77,0.259253244720214,0.0597614304667196,0.0350509832753865,3.8,3.5,1.75,/de/fussball/nk-domzale-nk-maribor-117324
2023-02-23 11:28:16.694997,2023-02-23 18:00:00,Montenegro,1. Liga,FK Buducnost Podgorica - FK Decic,Betano,1.83,Betano,3.45,NEO.bet,4.45,6,1.78,3.25,4.133333333333334,0.0574456264653803,0.0912870929175276,0.1724013405464767,1.79,3.2,4.1,/de/fussball/fk-buducnost-podgorica-fk-decic-123521
2023-02-23 11:28:23.023419,2023-02-23 18:00:00,Mexiko,U20 Liga,Santos Laguna U20 - Deportivo Toluca U20,Bildbet,1.95,Bwin,3.4,Bildbet,3.3,3,1.9366666666666663,3.4,3.2333333333333334,0.0094280904158206,0.0,0.047140452079103,1.93,3.4,3.2,/de/fussball/deportivo-toluca-u20-santos-laguna-u20-136847
2023-02-23 11:28:37.929504,2023-02-23 18:00:00,Afrika,CAF U20 Meisterschaft,Congo U20 - Uganda U20,Interwetten,2.9,Bildbet,2.75,Interwetten,2.6,5,2.878,2.64,2.57,0.0193907194296652,0.0583095189484529,0.0244948974278319,2.87,2.6,2.55,/de/fussball/congo-u20-uganda-u20-1096975
2023-02-23 11:28:57.910936,2023-02-23 18:30:00,International,Klub Freundschaftsspiele,SV Wildon - SV Allerheiligen,Bildbet,3.3,Bildbet,4.1,Interwetten,1.9,4,3.1125,3.9625,1.8575,0.1243734296383274,0.0819679815537748,0.0258602010819714,3.075,3.925,1.85,/de/fussball/sv-allerheiligen-sv-wildon-101793
2023-02-23 11:29:04.497633,2023-02-23 18:30:00,Saudi Arabien,Professional League,AL Ittihad - Al Raed,Betano,1.27,Bet365,5.75,mybet,10.5,7,1.2442857142857142,5.5285714285714285,9.135714285714286,0.0139970842444753,0.1555110075505517,0.8214596267421467,1.24,5.5,9.2,/de/fussball/al-ittihad-al-raed-140667
2023-02-23 11:29:15.916293,2023-02-23 18:45:00,Europa,Europa League,AS Monaco - Bayer Leverkusen,Stake.com,2.28,Betano,3.8,bet-at-home,3.15,10,2.221,3.635,3.04,0.0427668095606861,0.0867467578644873,0.0583095189484529,2.22,3.625,3.05,/de/fussball/bayer-leverkusen-as-monaco-55762
2023-02-23 11:29:24.583532,2023-02-23 18:45:00,Europa,Europa League,FC Midtjylland - Sporting Lissabon,Bet365,4.5,Betano,3.65,Stake.com,1.89,10,4.341,3.49,1.859,0.0961717214153931,0.0969535971483266,0.0192093727122985,4.34,3.5,1.86,/de/fussball/sporting-lissabon-fc-midtjylland-1058314
2023-02-23 11:29:31.789943,2023-02-23 18:45:00,Europa,Europa League,FC Nantes - Juventus,Bet365,5.0,Betano,3.65,NEO.bet,1.88,10,4.84,3.445,1.793,0.126095202129185,0.1082820391385385,0.033181320046074,4.8,3.45,1.78,/de/fussball/juventus-fc-nantes-1058322
2023-02-23 11:29:38.715161,2023-02-23 18:45:00,Europa,Europa League,PSV Eindhoven - FC Sevilla,bet-at-home,2.05,Bwin,3.7,Bwin,3.8,10,1.987,3.595,3.67,0.0500099990001999,0.0687386354243376,0.0899999999999999,2.0,3.6,3.65,/de/fussball/psv-eindhoven-fc-sevilla-1058311
2023-02-23 11:29:48.077177,2023-02-23 18:45:00,Europa,Europa Conference League,Anderlecht - Ludogorets 1945 Razgrad,Stake.com,1.93,Bwin,3.8,mybet,4.1,10,1.877,3.61,3.89,0.0547813836992093,0.1260952021291849,0.1157583690279022,1.905,3.575,3.875,/de/fussball/ludogorets-1945-razgrad-anderlecht-1058302
2023-02-23 11:29:56.387570,2023-02-23 18:45:00,Europa,Europa Conference League,CFR Cluj - Lazio Rom,Bet365,4.75,mybet,3.5,Bwin,1.9,10,4.435,3.37,1.84,0.2811138559374119,0.0899999999999999,0.0466904701197149,4.5,3.4,1.85,/de/fussball/lazio-rom-cfr-cluj-65384
2023-02-23 11:30:07.726222,2023-02-23 18:45:00,Europa,Europa Conference League,FK Partizan - FC Sheriff Tiraspol,Interwetten,1.95,Bwin,3.4,Bet365,4.5,10,1.915,3.32,4.19,0.0410487515035475,0.0714142842854284,0.1959591794226543,1.93,3.325,4.2,/de/fussball/fk-partizan-fc-sheriff-tiraspol-39207
2023-02-23 11:30:15.153008,2023-02-23 18:45:00,Europa,Europa Conference League,SC Dnipro-1 - AEK Larnaca,Interwetten,2.25,Bwin,3.5,mybet,3.4,10,2.181,3.321,3.27,0.070774289116882,0.1139692941102997,0.0714142842854284,2.21,3.3,3.275,/de/fussball/aek-larnaca-sc-dnipro-1-1007837
2023-02-23 11:30:25.967454,2023-02-23 19:00:00,Asien,AFC Champions League,Foolad Khuzestan - AL Hilal (Ksa),Betano,7.0,Stake.com,4.2,Interwetten,1.5,8,6.675,4.03125,1.4625,0.362284418654736,0.0899218410621134,0.0307205143186112,6.775,4.0,1.465,/de/fussball/al-hilal-ksa-foolad-khuzestan-140633
2023-02-23 11:30:52.487506,2023-02-23 20:00:00,Brasilien,Campeonato Paraibano,Paraiba - Auto Esporte,Interwetten,1.37,Interwetten,4.3,Interwetten,7.5,4,1.35,4.1625,7.175,0.0141421356237309,0.1293010054098574,0.4085033659592048,1.35,4.2,7.35,/de/fussball/auto-esporte-paraiba-175557
2023-02-23 11:31:03.286880,2023-02-23 20:00:00,Island,Ligapokal,Fram Reykjavik - Vikingur Reykjavik,Stake.com,3.3,mybet,4.3,Stake.com,1.87,5,3.22,4.06,1.828,0.0399999999999998,0.1624807680927192,0.0231516738055804,3.2,4.0,1.82,/de/fussball/fram-reykjavik-vikingur-reykjavik-9006
2023-02-23 11:31:13.646195,2023-02-23 20:00:00,Island,Ligapokal,Valur  - IF Vestri,Stake.com,1.08,Bwin,10.5,Stake.com,19.0,4,1.0725,10.0,18.25,0.0043301270189221,0.6123724356957945,0.75,1.07,10.25,18.5,/de/fussball/valur-if-vestri-35785
2023-02-23 11:31:21.849706,2023-02-23 20:00:00,Brasilien,Campeonato Tocantinense,Bela Vista TO - Interporto,Interwetten,2.05,Bwin,3.1,Interwetten,3.45,4,2.02,3.0625,3.35,0.0212132034355963,0.0414578098794425,0.0612372435695795,2.015,3.075,3.325,/de/fussball/interporto-bela-vista-to-907684
2023-02-23 11:31:28.870426,2023-02-23 20:30:00,Brasilien,Campeonato Mineiro,AA Caldense - Cruzeiro,Interwetten,5.75,Bwin,3.8,Bwin,1.53,5,5.47,3.72,1.526,0.2521904042583698,0.0979795897113269,0.008,5.5,3.8,1.53,/de/fussball/cruzeiro-aa-caldense-3957
2023-02-23 11:31:41.015107,2023-02-23 20:45:00,England,Premier League Frauen,Lincoln City Frauen - Peterborough United Women,Bwin,3.5,NEO.bet,4.2,Bwin,1.68,3,3.4833333333333334,4.2,1.6733333333333331,0.0235702260395515,0.0,0.0094280904158206,3.5,4.2,1.68,/de/fussball/lincoln-city-frauen-peterborough-united-women-1103313
2023-02-23 11:31:48.479409,2023-02-23 20:45:00,England,Premier League Frauen,Maidenhead United Women - Swindon Frauen,NEO.bet,3.25,Bwin,4.33,Bwin,1.75,3,3.15,4.286666666666667,1.7333333333333334,0.0707106781186547,0.061282587702834,0.0235702260395516,3.1,4.33,1.75,/de/fussball/swindon-frauen-maidenhead-united-women-1103315
2023-02-23 11:32:02.071906,2023-02-23 20:45:00,England,Premier League Frauen,Sheffield FC Frauen - Doncaster Rovers Frauen,Bwin,6.75,NEO.bet,5.25,Bwin,1.31,3,6.566666666666666,5.083333333333333,1.3033333333333337,0.2592724864350673,0.1178511301977579,0.0094280904158206,6.75,5.0,1.31,/de/fussball/doncaster-rovers-frauen-sheffield-fc-frauen-85750
2023-02-23 11:32:11.315500,2023-02-23 21:00:00,Europa,Europa League,AS Rom - Red Bull Salzburg,bet-at-home,1.73,Betano,3.85,Bwin,5.5,10,1.678,3.69,5.285,0.0312409987036266,0.08,0.1688934575405454,1.6749999999999998,3.675,5.275,/de/fussball/as-rom-red-bull-salzburg-1058323
2023-02-23 11:32:18.919624,2023-02-23 21:00:00,Europa,Europa League,Manchester United - FC Barcelona,Betano,2.27,Bwin,3.5,NEO.bet,3.3,10,2.226,3.39,3.208,0.0287054001888145,0.0860232526704263,0.0719444229944197,2.21,3.4,3.225,/de/fussball/fc-barcelona-manchester-united-259
2023-02-23 11:32:28.013624,2023-02-23 21:00:00,Europa,Europa League,Stade Rennes - Schachtar Donezk,mybet,1.72,Bet365,4.0,Bet365,5.25,10,1.666,3.94,5.05,0.0363868107973204,0.0624499799839839,0.1830300521772311,1.67,3.95,5.0,/de/fussball/stade-rennes-schachtar-donezk-1058327
2023-02-23 11:32:37.013478,2023-02-23 21:00:00,Europa,Europa League,Union Berlin - Ajax Amsterdam,bet-at-home,2.34,Stake.com,3.25,mybet,3.5,10,2.275,3.1950000000000003,3.32,0.0538980519128473,0.0349999999999999,0.0871779788708134,2.3,3.2,3.3,/de/fussball/union-berlin-ajax-amsterdam-58911
2023-02-23 11:32:43.869096,2023-02-23 21:00:00,Kolumbien,Copa Colombia,CD Real San Andres - Alianza Petrolera,NEO.bet,3.3,mybet,3.15,Betano,2.35,8,3.06375,3.0175,2.23,0.1293191304486694,0.0571729831301463,0.076157731058639,3.025,3.0,2.225,/de/fussball/alianza-petrolera-cd-real-san-andres-133577
2023-02-23 11:32:51.821412,2023-02-23 21:00:00,Europa,Europa Conference League,AC Florenz - Braga,NEO.bet,1.74,mybet,4.0,Bet365,4.75,10,1.711,3.785,4.59,0.0356230262611137,0.0975961064797156,0.08,1.725,3.8,4.6,/de/fussball/ac-florenz-braga-1058325
2023-02-23 11:33:00.789915,2023-02-23 21:00:00,Europa,Europa Conference League,Basel - Trabzonspor,Interwetten,2.4,Sportingbet,3.6,Bet365,3.1,10,2.303,3.39,2.978,0.075372408744845,0.1067707825203131,0.0834026378479721,2.31,3.4,2.975,/de/fussball/trabzonspor-basel-93070
2023-02-23 11:33:14.303778,2023-02-23 21:00:00,Europa,Europa Conference League,Gent - FK Karabakh,Stake.com,1.95,mybet,3.55,NEO.bet,4.35,6,1.915,3.3833333333333333,4.163333333333333,0.0189296944860009,0.0942809041582063,0.1507389207279333,1.905,3.4,4.175000000000001,/de/fussball/gent-fk-karabakh-1058303
2023-02-23 11:33:22.018822,2023-02-23 21:00:00,Europa,Europa Conference League,Lech Posen - Bodo Glimt,Bet365,2.5,Betano,3.3,Bet365,2.9,10,2.444,3.265,2.843,0.0596992462263972,0.0390512483795331,0.0504083326445142,2.455,3.275,2.85,/de/fussball/lech-posen-bodo-glimt-1058319
2023-02-23 11:33:37.559140,2023-02-23 22:45:00,Mexiko,"Liga MX, Frauen, Clausura",Club America Frauen - Atletico San Luis Frauen,mybet,1.15,Bwin,11.5,Interwetten,20.0,6,1.075,9.4,17.666666666666668,0.0340342964277701,1.7272328544042153,3.4480268109295333,1.06,9.2,19.0,/de/fussball/club-america-frauen-atletico-san-luis-frauen-245033
2023-02-23 11:33:44.873101,2023-02-23 23:00:00,Brasilien,Copa do Brasil,Humaita - Coritiba,Bildbet,10.0,Sportingbet,4.4,Bet365,1.4,8,8.5625,4.1875,1.38,0.7765106245248677,0.1192424001771182,0.0264575131106458,8.375,4.2,1.39,/de/fussball/coritiba-humaita-1097784
2023-02-23 11:33:51.407230,2023-02-23 23:00:00,Brasilien,Copa do Brasil,Sao Luiz - EC Juventude,Bet365,2.9,Sportingbet,3.25,Sportingbet,2.65,8,2.66375,3.15625,2.535,0.1116845445887657,0.0726184377413891,0.0614410286372224,2.64,3.1500000000000004,2.525,/de/fussball/ec-juventude-sao-luiz-128878
2023-02-23 11:34:00.366011,2023-02-23 23:00:00,Südamerika,Copa Libertadores,CD Magallanes - Always Ready,NEO.bet,1.86,mybet,3.7,Bet365,4.5,9,1.807777777777778,3.5055555555555555,4.216666666666667,0.0339207500499416,0.1065740338513938,0.1666666666666667,1.8,3.5,4.2,/de/fussball/cd-magallanes-always-ready-1079237
2023-02-23 11:34:11.989978,2023-02-23 23:00:00,Brasilien,Copa do Nordeste,Vitoria BA - Nautico,Interwetten,2.0,Bwin,3.2,Bildbet,3.75,6,1.96,3.163333333333333,3.6,0.0321455025366432,0.0268741924943286,0.1040832999733066,1.965,3.15,3.6,/de/fussball/vitoria-ba-nautico-3440
2023-02-23 11:34:19.797129,2023-02-23 23:00:00,Brasilien,Campeonato Piauiense,AE Altos - River Teresina,Interwetten,1.97,Bwin,3.3,Interwetten,3.35,3,1.9566666666666663,3.3,3.283333333333333,0.0094280904158206,4.440892098500626e-16,0.0471404520791032,1.95,3.3,3.25,/de/fussball/river-teresina-ae-altos-215747
2023-02-23 11:34:26.925767,2023-02-23 23:00:00,Brasilien,Campeonato Capixaba,Porto Vitoria EC - Estrela Do Norte ES,Interwetten,1.83,Interwetten,3.35,Interwetten,3.95,3,1.81,3.3166666666666664,3.85,0.0141421356237309,0.0235702260395517,0.0707106781186549,1.8,3.3,3.8,/de/fussball/estrela-do-norte-es-porto-vitoria-ec-1096734
2023-02-26 13:23:17.512892,2023-02-26 13:30:00,Belgien,Jupiler League,FC Brügge - Gent,mybet,2.12,Betano,3.85,NEO.bet,3.5,9,2.028888888888889,3.65,3.338888888888889,0.0493163133803825,0.1130388330520877,0.1349439755721235,2.05,3.6,3.35,/de/fussball/fc-bruegge-gent-52207
2023-02-26 13:23:24.842184,2023-02-26 13:30:00,Deutschland,2. Bundesliga,Arminia Bielefeld - 1.FC Heidenheim,Betano,2.82,Bet365,3.4,Bet365,2.55,9,2.791111111111111,3.2777777777777777,2.528888888888889,0.0228251539824156,0.0628539361054708,0.0223330569358241,2.8,3.25,2.54,/de/fussball/1-fc-heidenheim-arminia-bielefeld-58193
2023-02-26 13:23:32.239077,2023-02-26 13:30:00,Deutschland,2. Bundesliga,FC St. Pauli - FC Hansa Rostock,Interwetten,1.7,Betano,3.7,Bet365,5.75,9,1.6666666666666663,3.6222222222222222,5.433333333333334,0.0149071198499986,0.0477906959280146,0.1763834207376393,1.66,3.6,5.4,/de/fussball/fc-st-pauli-fc-hansa-rostock-58800
2023-02-26 13:23:43.617608,2023-02-26 13:30:00,Deutschland,2. Bundesliga,Hannover 96 - 1. FC Magdeburg,Betano,2.05,Betano,3.9,NEO.bet,3.4,9,2.028888888888889,3.8055555555555554,3.2644444444444445,0.0223330569358241,0.0598351645237166,0.0707281353903979,2.04,3.8,3.25,/de/fussball/hannover-96-1-fc-magdeburg-816790
2023-02-26 13:23:51.485185,2023-02-26 13:30:00,Österreich,2. Liga,Sturm Graz II - St. Pölten,Bildbet,3.4,mybet,3.65,bet-at-home,2.2,9,3.138888888888889,3.55,2.0,0.1629208699846131,0.0623609564462323,0.0933333333333334,3.15,3.55,1.95,/de/fussball/sturm-graz-ii-st-poelten-981567
2023-02-26 13:24:10.805171,2023-02-26 13:30:00,Hongkong,Division 1,South China - Hoi King,Interwetten,1.73,mybet,4.0,Bwin,3.8,5,1.694,3.93,3.76,0.0293938769133981,0.04,0.0374165738677392,1.7,3.9,3.75,/de/fussball/south-china-hoi-king-178285
2023-02-26 13:24:51.923814,2023-02-26 13:30:00,Tunesien,Pokal,Stade Tunisien - ES Metlaoui,Interwetten,1.85,Interwetten,2.9,Interwetten,4.5,4,1.835,2.885,4.425000000000001,0.0086602540378443,0.0149999999999999,0.0433012701892217,1.83,2.885,4.4,/de/fussball/es-metlaoui-stade-tunisien-158861
2023-02-26 13:25:05.983219,2023-02-26 13:30:00,Belgien,Super League Frauen,Club Brugge Frauen - Genk Frauen,NEO.bet,2.44,Bwin,3.3,mybet,3.05,6,2.163333333333333,3.225,2.89,0.134866188827626,0.1464866319270578,0.1154700538379251,2.15,3.3,2.875,/de/fussball/club-brugge-frauen-genk-frauen-94188
2023-02-26 13:25:20.744665,2023-02-26 13:30:00,Belgien,Super League Frauen,Oud-Heverlee Leuven Frauen - SC Eendracht Aalst Frauen,NEO.bet,1.01,NEO.bet,26.0,NEO.bet,40.0,3,1.01,18.0,28.666666666666668,0.0,5.715476066494082,8.178562764256865,1.01,15.0,25.0,/de/fussball/oud-heverlee-leuven-frauen-sc-eendracht-aalst-frauen-159067
2023-02-26 13:25:29.971045,2023-02-26 13:30:00,Belgien,Super League Frauen,Standard Liege Frauen - KV Mechelen Frauen,mybet,1.04,Bwin,17.5,Bwin,46.0,6,1.02,13.433333333333334,33.833333333333336,0.01,3.64996194805127,10.15573182438808,1.02,14.0,32.5,/de/fussball/standard-liege-frauen-kv-mechelen-frauen-1003455
2023-02-26 13:25:40.280328,2023-02-26 13:30:00,Slowakei,2. Liga,FK Slavoj Trebischau - Slovan Bratislava II,mybet,1.8,NEO.bet,3.9,NEO.bet,4.2,7,1.7185714285714286,3.571428571428572,3.9214285714285713,0.0649018096662888,0.1809837065617132,0.1961361459677997,1.75,3.5,3.95,/de/fussball/slovan-bratislava-ii-fk-slavoj-trebischau-118109
2023-02-26 13:25:52.878095,2023-02-26 13:30:00,Andorra,Primera Division,FC Santa Coloma - Inter Club d'Escaldes,NEO.bet,3.2,Betano,3.3,mybet,2.35,5,2.9,3.062,2.276,0.1516575088810311,0.1793766985982293,0.0431740662898457,2.85,3.1,2.25,/de/fussball/fc-santa-coloma-inter-club-d-escaldes-127087
2023-02-26 13:26:41.586065,2023-02-26 13:45:00,Bulgarien,Parva Liga,Botev Plovdiv - Beroe Stara Zagora,Betano,1.6,Bet365,3.8,Bet365,6.5,8,1.55,3.68125,5.90625,0.0287228132326901,0.0747391296443837,0.3494974070003954,1.55,3.7,5.75,/de/fussball/botev-plovdiv-beroe-stara-zagora-55328
2023-02-26 13:26:52.010697,2023-02-26 13:45:00,Uruguay,Primera Division,Danubio - Plaza Colonia,Bet365,2.05,mybet,3.2,Bildbet,4.0,9,2.01,3.077777777777778,3.716666666666667,0.0571547606649407,0.0671280331866365,0.1855921454276674,2.05,3.1,3.6,/de/fussball/danubio-plaza-colonia-135858
2023-02-26 13:27:09.575368,2023-02-26 13:45:00,Brasilien,Campeonato Paraense,SC Itupiranga PA - Aguia de Maraba,Interwetten,2.6,Stake.com,3.05,Interwetten,2.6,5,2.55,3.02,2.55,0.0316227766016838,0.0244948974278316,0.0316227766016838,2.55,3.0,2.55,/de/fussball/aguia-de-maraba-sc-itupiranga-pa-128502
2023-02-26 13:27:30.363397,2023-02-26 14:00:00,Spanien,La Liga,Athletic Bilbao - FC Girona,Bwin,1.68,Bet365,4.0,Bet365,5.5,10,1.65,3.815,5.33,0.0286356421265526,0.11842719282327,0.1519868415357066,1.6549999999999998,3.775,5.325,/de/fussball/fc-girona-athletic-bilbao-24727
2023-02-26 13:27:37.848006,2023-02-26 14:00:00,Dänemark,Superliga,AC Horsens - Viborg,Bildbet,3.5,Bet365,3.5,Bet365,2.15,9,3.327777777777778,3.35,2.12,0.1181127312526072,0.0816496580927726,0.0309120616516523,3.3,3.35,2.13,/de/fussball/ac-horsens-viborg-32343
2023-02-26 13:27:49.881266,2023-02-26 14:00:00,Dänemark,Superliga,Randers FC - Lyngby,mybet,1.98,Bet365,3.75,Bet365,3.8,9,1.922222222222222,3.583333333333333,3.7111111111111112,0.0308320820566924,0.0707106781186547,0.0613631167621513,1.91,3.6,3.7,/de/fussball/lyngby-randers-fc-32521
2023-02-26 13:27:58.711045,2023-02-26 14:00:00,Türkei,Süper Lig,Ümraniyespor - Adana Demirspor,Bet365,3.5,mybet,3.85,Betano,2.05,8,3.325,3.70625,2.01,0.0935414346693485,0.0949917759598166,0.025980762113533,3.275,3.725,2.0,/de/fussball/adana-demirspor-uemraniyespor-93140
2023-02-26 13:28:13.140442,2023-02-26 14:00:00,Spanien,Segunda Division,UD Ibiza - SD Huesca,Betano,2.62,Stake.com,2.85,Betano,3.15,9,2.5244444444444443,2.778888888888889,3.077777777777778,0.0774756034878236,0.0440818542775051,0.0628539361054708,2.55,2.8,3.1,/de/fussball/sd-huesca-ud-ibiza-810366
2023-02-26 13:28:21.231578,2023-02-26 14:00:00,Ungarn,NB 2,FC Dorogi - Bekescsaba,Interwetten,2.15,Betano,3.4,mybet,3.2,7,2.0885714285714285,3.2785714285714285,3.0757142857142856,0.0435655733770769,0.0749149177264393,0.0976666550579268,2.1,3.25,3.13,/de/fussball/bekescsaba-fc-dorogi-120110
2023-02-26 13:28:33.622780,2023-02-26 14:00:00,Ungarn,NB 2,Gyirmot SE - Kozarmisleny SE,Interwetten,1.55,mybet,4.2,mybet,7.0,7,1.49,4.021428571428571,5.464285714285714,0.0547722557505166,0.0749149177264394,0.7543749947161964,1.52,4.0,5.35,/de/fussball/gyirmot-se-kozarmisleny-se-992333
2023-02-26 13:28:40.349837,2023-02-26 14:00:00,Ungarn,NB 2,Kazincbarcikai SC - Diosgyör VTK,Betano,6.3,Bwin,4.0,mybet,1.53,7,5.607142857142857,3.935714285714286,1.4842857142857142,0.3189587651680872,0.0832993127835043,0.0324509048331444,5.5,3.95,1.5,/de/fussball/diosgyoer-vtk-kazincbarcikai-sc-119328
2023-02-26 13:28:49.401529,2023-02-26 14:00:00,Ungarn,NB 2,Soroksar SC - Szombathelyi Haladas,NEO.bet,2.6,Betano,3.45,Bildbet,2.7,7,2.5357142857142856,3.1214285714285714,2.567142857142857,0.0349927106111882,0.1600382607314863,0.0669145053064593,2.55,3.1,2.55,/de/fussball/szombathelyi-haladas-soroksar-sc-119783
2023-02-26 13:29:04.576039,2023-02-26 14:00:00,Ungarn,NB 2,Szentlorinc SE - Budafoki,NEO.bet,2.74,Betano,3.3,mybet,2.6,7,2.6157142857142857,3.041428571428572,2.527142857142857,0.0826104702560056,0.163918845027355,0.0357428457234194,2.6,3.0,2.5,/de/fussball/budafoki-szentlorinc-se-813737
2023-02-26 13:29:47.642860,2023-02-26 14:00:00,Ungarn,NB 1,Kecskemeti TE - Ujpest FC,Bet365,2.7,Bet365,3.2,Bet365,2.7,9,2.647777777777778,3.0277777777777777,2.6222222222222222,0.0396590406612772,0.1249691319911333,0.0473234209756597,2.63,3.05,2.63,/de/fussball/kecskemeti-te-ujpest-fc-119511
2023-02-26 13:30:12.035391,2023-02-26 14:00:00,Malaysia,Super League,Negeri Sembilan - Pahang FA,Interwetten,1.9,mybet,3.7,mybet,3.8,7,1.8557142857142856,3.4857142857142858,3.55,0.0261080955464243,0.1124858267715974,0.1336306209562121,1.85,3.4,3.5,/de/fussball/pahang-fa-negeri-sembilan-143960
2023-02-26 13:30:22.354636,2023-02-26 14:00:00,Ägypten,2. Division,El Entag El Harby - Porto Suez,Bwin,2.1,mybet,2.9,mybet,3.6,4,2.095,2.835,3.475,0.0086602540378443,0.058523499553598,0.082915619758885,2.1,2.85,3.45,/de/fussball/el-entag-el-harby-porto-suez-924001
2023-02-26 13:30:32.710411,2023-02-26 14:00:00,Deutschland,Regionalliga Bayern,1. FC Nürnberg II - VfB Eichstätt,NEO.bet,1.72,Bwin,3.7,Bwin,3.8,3,1.6933333333333334,3.666666666666667,3.75,0.0188561808316412,0.0471404520791032,0.0707106781186547,1.68,3.7,3.8,/de/fussball/1-fc-nuernberg-ii-vfb-eichstaett-58755
2023-02-26 13:30:44.926033,2023-02-26 14:00:00,Deutschland,3. Liga,Erzgebirge Aue - 1. FC Saarbrücken,NEO.bet,2.8,Betano,3.45,NEO.bet,2.48,9,2.6966666666666668,3.311111111111112,2.4077777777777776,0.0503322295684716,0.0773799348732451,0.0396590406612772,2.7,3.3,2.4,/de/fussball/erzgebirge-aue-1-fc-saarbruecken-988501
2023-03-06 12:13:38.534548,2023-03-06 12:30:00,Iran,Pro League,Malavan - Aluminium Arak,Betano,3.05,Betano,2.5,Bwin,2.9,6,2.9883333333333333,2.3633333333333333,2.84,0.03435921354681372,0.06342099196813487,0.06350852961085877,2.99,2.3449999999999998,2.8600000000000003,/de/fussball/malavan-aluminium-arak-148733
2023-03-06 12:13:42.384393,2023-03-06 12:30:00,Iran,Pro League,Sanat Mes Kerman - Foolad Khuzestan,Betano,3.5,NEO.bet,2.56,Betano,2.52,6,3.3666666666666667,2.49,2.4383333333333335,0.09860132971832693,0.04082482904638626,0.057276134258132,3.375,2.48,2.425,/de/fussball/foolad-khuzestan-sanat-mes-kerman-898663
2023-03-06 12:13:56.675767,2023-03-06 13:15:00,Malaysia,Super League,Kuching City FC - Sabah FA,Bildbet,5.0,Betano,3.8,mybet,1.62,7,4.7214285714285715,3.7714285714285714,1.5785714285714287,0.19974473505870805,0.02474358296526959,0.025872528966106926,4.8,3.75,1.57,/de/fussball/sabah-fa-kuching-city-fc-1090895
2023-03-06 12:14:04.163908,2023-03-06 14:00:00,Serbien,SuperLiga,Novi Pazar - FK Radnicki 1923,Interwetten,1.97,Betano,3.1,Bildbet,4.2,6,1.9183333333333332,3.033333333333333,3.933333333333333,0.038908725099762544,0.037267799624996496,0.1518405596524051,1.915,3.025,3.875,/de/fussball/novi-pazar-fk-radnicki-1923-39084
2023-03-06 12:14:08.727609,2023-03-06 14:00:00,Serbien,Prva Liga,FK Graficar Belgrad - FK Novi Sad,Betano,1.85,mybet,4.0,Bwin,3.8,4,1.7850000000000001,3.5625,3.7,0.03840572873934307,0.2534141866589162,0.12247448713915883,1.77,3.425,3.75,/de/fussball/fk-novi-sad-fk-graficar-belgrad-992324
2023-03-06 12:14:12.837747,2023-03-06 14:00:00,Serbien,Prva Liga,Jedinstvo UB - FK Trajal Krusevac,Bwin,1.5,Betano,3.65,Betano,8.25,4,1.48,3.5125,6.8125,0.03464101615137758,0.08926785535678562,0.8361930100162283,1.5,3.5,6.375,/de/fussball/jedinstvo-ub-fk-trajal-krusevac-992315
2023-03-06 12:14:32.771604,2023-03-06 14:00:00,Malaysia,Super League,Negeri Sembilan - Johor D. T. FC,Bildbet,13.0,mybet,6.5,Interwetten,1.2,6,11.0,5.975,1.1866666666666665,1.0,0.2795084971874738,0.007453559924999306,11.0,6.0,1.185,/de/fussball/johor-d-t-fc-negeri-sembilan-143845
2023-03-06 12:14:35.421283,2023-03-06 14:00:00,Ägypten,2. Division,Shabab Aldabaa - Nabarouh,mybet,3.0,mybet,2.8,Bwin,2.9,4,2.72,2.72,2.65,0.27009257672139003,0.04690415759823415,0.25,2.715,2.7,2.65,/de/fussball/shabab-aldabaa-nabarouh-1108120
2023-03-06 12:14:39.500625,2023-03-06 14:00:00,Ägypten,Premier League,El Daklyeh - Ghazl El Mahalla SC,Betano,2.45,Bildbet,2.9,mybet,3.2,8,2.4137500000000003,2.7725,3.04375,0.04121210380458639,0.06552671211040577,0.06817945071647327,2.43,2.7649999999999997,3.0,/de/fussball/el-daklyeh-ghazl-el-mahalla-sc-156617
2023-03-06 12:14:42.588163,2023-03-06 14:00:00,Äthiopien,Premier League,Legetafo Legedadi - Hawassa Kenema,Bildbet,4.6,Betano,3.4,Betano,1.72,7,4.482857142857143,3.3642857142857143,1.6785714285714286,0.08395820145665762,0.04403152859263558,0.0339867921524866,4.5,3.4,1.67,/de/fussball/hawassa-kenema-legetafo-legedadi-1052651
2023-03-06 12:14:45.550207,2023-03-06 14:15:00,Iran,Pro League,Esteghlal Teheran - Gol Gohar,Betano,2.25,Bwin,2.87,NEO.bet,3.75,6,2.1483333333333334,2.795,3.5083333333333333,0.06718548123582126,0.057373048260195,0.16435902436096694,2.15,2.8,3.45,/de/fussball/esteghlal-teheran-gol-gohar-148393
2023-03-06 12:14:52.640569,2023-03-06 14:30:00,Indien,I-Liga,Kenkre - TRAU FC,Bildbet,3.1,Bwin,3.4,NEO.bet,2.28,8,2.88,3.29375,2.2,0.10816653826391973,0.06817945071647315,0.049749371855330994,2.875,3.275,2.185,/de/fussball/kenkre-trau-fc-907805
2023-03-06 12:14:55.950440,2023-03-06 14:30:00,Bulgarien,PFL 2,Spartak Pleven - Ludogorets II,Betano,2.92,Betano,3.1,Interwetten,2.8,3,2.64,2.99,2.5666666666666664,0.19798989873223327,0.07874007874011814,0.20548046676563259,2.5,2.95,2.6,/de/fussball/ludogorets-razgrad-ii-spartak-pleven-215322
2023-03-06 12:14:59.197898,2023-03-06 14:30:00,V.A. Emirate,President's Cup,Ajman Club - AL Bataeh (VAE),mybet,1.65,Bwin,3.8,Bwin,4.8,5,1.576,3.77,4.6,0.04543126676640216,0.05999999999999997,0.26076809620810604,1.57,3.8,4.7,/de/fussball/ajman-club-al-bataeh-vae-1011728
2023-03-06 12:15:02.102972,2023-03-06 14:45:00,Katar,Prince Cup,Umm Salal - Al Khor,mybet,1.85,Bwin,3.4,NEO.bet,3.6,4,1.8375000000000001,3.3625,3.6,0.008291561975888507,0.06495190528383286,0.0,1.835,3.4,3.6,/de/fussball/al-khor-umm-salal-140409?m=7344577
2023-03-06 12:15:10.956312,2023-03-06 15:00:00,Saudi Arabien,1. Division,Al Riyadh - Al Arabi (KSA),Interwetten,1.77,mybet,3.75,NEO.bet,4.75,6,1.7333333333333334,3.4,4.2,0.03590109871423006,0.16072751268321597,0.2872281323269015,1.75,3.325,4.05,/de/fussball/al-riyadh-al-arabi-ksa-141276
2023-03-06 12:15:13.796651,2023-03-06 15:00:00,Afrika,CAF U20 Meisterschaft,Senegal U20 - Tunisia U20,Interwetten,1.6,Bwin,3.5,Interwetten,5.5,4,1.565,3.4875,5.3,0.020615528128088322,0.021650635094610887,0.1172603939955857,1.5550000000000002,3.5,5.25,/de/fussball/senegal-u20-tunisia-u20-1107954
2023-03-06 12:15:17.142791,2023-03-06 15:00:00,England,Professional Developt League,Reading U21 - Cardiff City U21,Interwetten,1.97,mybet,4.25,Interwetten,2.9,3,1.9166666666666665,4.116666666666667,2.88,0.03858612300930078,0.1545603082582618,0.028284271247461926,1.9,4.2,2.9,/de/fussball/reading-u21-cardiff-city-u21-1006569
2023-03-06 12:15:20.750831,2023-03-06 15:00:00,Italien,Campionato Primavera 1,Empoli U19 - Udinese U19,Interwetten,1.8,Interwetten,3.45,Bwin,3.9,3,1.7533333333333334,3.4166666666666665,3.8666666666666667,0.03299831645537225,0.02357022603955171,0.04714045207910321,1.73,3.4,3.9,/de/fussball/udinese-u19-empoli-u19-65856
2023-03-06 12:15:29.774687,2023-03-06 15:30:00,Iran,Pro League,Naft Masjed Soleyman - Nassaji Mazandaran,Betano,3.3,Bwin,2.7,Betano,2.52,6,3.091666666666667,2.638333333333333,2.453333333333333,0.1017212967977808,0.03890872509976251,0.04533823502911818,3.075,2.65,2.45,/de/fussball/naft-masjed-soleyman-nassaji-mazandaran-148756
2023-03-06 12:15:33.488166,2023-03-06 16:00:00,Serbien,SuperLiga,Javor Ivanjica - Mladost Lucani,Betano,2.15,Betano,3.3,Bildbet,3.5,7,2.1271428571428572,3.1285714285714286,3.157142857142857,0.023733211036908713,0.083909572317648,0.16993396076243314,2.14,3.1,3.1,/de/fussball/javor-ivanjica-mladost-lucani-39712
2023-03-06 12:15:39.750635,2023-03-06 16:00:00,Palästina,West Bank League,Markz Balata - Taraji Wadi Al-Nes,Betano,1.65,Betano,3.75,NEO.bet,4.75,5,1.6199999999999999,3.69,4.4,0.04098780306383835,0.04898979485566356,0.20736441353327714,1.63,3.7,4.35,/de/fussball/taraji-wadi-al-nes-markz-balata-140236
2023-03-06 12:15:42.553797,2023-03-06 16:00:00,Palästina,West Bank League,Shabab Al Khaleel - Islami Qalqilya,Betano,1.07,NEO.bet,11.0,Bwin,29.0,5,1.044,10.45,27.4,0.01959591794226544,1.1,2.3323807579381204,1.05,11.0,29.0,/de/fussball/shabab-al-khaleel-islami-qalqilya-856395
2023-03-06 12:15:48.164018,2023-03-06 16:00:00,Ägypten,Premier League,Al-Masry - Tala'ea El Geish,mybet,2.4,Bildbet,2.88,Bildbet,3.2,7,2.3185714285714285,2.7885714285714287,3.142857142857143,0.03398679215248665,0.06220440302022063,0.04164965639175217,2.3,2.75,3.15,/de/fussball/al-masry-tala-ea-el-geish-156770
2023-03-06 12:15:56.387561,2023-03-06 16:25:00,Saudi Arabien,1. Division,Al Qadisiya - Al Hazm,NEO.bet,4.2,Betano,3.1,Interwetten,1.95,5,4.06,3.03,1.902,0.14966629547095778,0.040000000000000015,0.03544009029333865,4.1,3.0,1.91,/de/fussball/al-qadisiya-al-hazm-141113
2023-03-06 12:15:59.682492,2023-03-06 16:30:00,Bulgarien,Parva Liga,FK Arda Kurdzhali - Spartak Varna,Bet365,1.7,mybet,3.7,Bet365,5.75,9,1.671111111111111,3.5,5.122222222222222,0.015234788000891224,0.0781735959970572,0.4170738750916324,1.67,3.5,4.9,/de/fussball/fk-arda-kurdzhali-spartak-varna-242971
2023-03-06 12:16:05.125681,2023-03-06 16:45:00,Saudi Arabien,1. Division,AL Akhdood - Hajer Club,Interwetten,1.83,Betano,3.25,Bildbet,4.5,7,1.7814285714285714,3.182857142857143,4.271428571428571,0.031815796359028724,0.04681705602335414,0.1905952009160906,1.78,3.2,4.3,/de/fussball/hajer-club-al-akhdood-140951
2023-03-06 12:16:08.699093,2023-03-06 17:00:00,Rumänien,Liga 1,FC Voluntari - SCM Argesul Pitesti,Betano,1.95,Betano,3.35,Bildbet,4.4,9,1.8966666666666667,3.216666666666667,4.033333333333333,0.0319722101554181,0.07817359599705712,0.21858128414340008,1.89,3.2,4.1,/de/fussball/fc-voluntari-scm-argesul-pitesti-38005
2023-03-06 12:16:12.992268,2023-03-06 17:00:00,Zypern,1. Division,AEL Limassol - Apollon Limassol,Betano,3.55,Betano,3.3,Stake.com,2.21,8,3.225,3.1075,2.1025,0.1479019945774904,0.08954747344286154,0.06722164829874384,3.2,3.1,2.0549999999999997,/de/fussball/ael-limassol-apollon-limassol-103432
2023-03-06 12:16:16.084523,2023-03-06 17:00:00,Italien,Lega Pro Gruppe A,Juventus Turin U23 - UC Albinoleffe,Betano,2.4,Betano,3.0,Betano,3.05,5,2.37,2.93,2.86,0.024494897427831695,0.040000000000000056,0.09695359714832656,2.35,2.9,2.8,/de/fussball/uc-albinoleffe-juventus-turin-u23-68887
2023-03-06 12:16:22.115073,2023-03-06 17:00:00,Elfenbeinküste,Ligue 1,USC Bassam - Lys Sassandra,Interwetten,3.55,Betano,2.8,Betano,2.18,7,3.4642857142857144,2.77,2.1557142857142857,0.05802884574739973,0.026186146828318962,0.010497813183356573,3.5,2.75,2.15,/de/fussball/usc-bassam-lys-sassandra-248047
2023-03-06 12:16:25.084019,2023-03-06 17:00:00,Äthiopien,Premier League,Ethiopia Bunna - Wolaita Dicha,NEO.bet,2.34,Interwetten,2.85,NEO.bet,3.6,7,2.2085714285714286,2.724285714285714,3.3714285714285714,0.06706682625317428,0.1423132503475688,0.11293848786315651,2.2,2.8,3.3,/de/fussball/ethiopia-bunna-wolaita-dicha-231288
2023-03-06 12:16:54.590521,2023-03-06 18:00:00,Türkei,Süper Lig,Kasimpasa - Antalyaspor,Betano,2.2,Betano,3.5,NEO.bet,3.35,9,2.128888888888889,3.4166666666666665,3.216666666666667,0.04653420353638212,0.03333333333333339,0.06666666666666667,2.12,3.4,3.2,/de/fussball/kasimpasa-antalyaspor-92812
2023-03-06 12:16:57.345848,2023-03-06 18:00:00,Israel,Liga Leumit,Hapoel Ironi Acre - Hapoel Petah Tikva,NEO.bet,3.3,Betano,3.1,Betano,2.25,7,3.085714285714286,2.9585714285714286,2.2,0.1551825784457173,0.10006120575907125,0.046291004988627545,3.1,3.0,2.2,/de/fussball/hapoel-ironi-acre-hapoel-petah-tikva-105114
2023-03-06 12:17:01.101368,2023-03-06 18:00:00,Israel,Liga Leumit,Hapoel Ramat Gan - Hapoel Afula,NEO.bet,2.8,Betano,3.05,mybet,2.6,7,2.66,2.9414285714285713,2.5242857142857145,0.06782329983125261,0.07472398188926868,0.054473359899821674,2.65,2.95,2.55,/de/fussball/hapoel-ramat-gan-hapoel-afula-105480
2023-03-06 12:17:06.844387,2023-03-06 18:00:00,Israel,Liga Leumit,Maccabi Petah Tikva - Hapoel Ashdod FC,Betano,1.3,NEO.bet,5.5,NEO.bet,9.5,6,1.2633333333333334,4.966666666666667,8.708333333333334,0.028087165910587887,0.2608745973749755,0.44292274219727706,1.27,4.9,8.625,/de/fussball/maccabi-petah-tikva-hapoel-ashdod-fc-1003036
2023-03-06 12:17:14.737362,2023-03-06 18:00:00,Zypern,1. Division,Apoel Nicosia - Nea Salamina Famagusta,Betano,1.35,Betano,4.85,Betano,9.5,8,1.33375,4.3,8.125,0.017984368212422715,0.23318447632722034,0.6451743950281971,1.34,4.25,8.1,/de/fussball/apoel-nicosia-nea-salamina-famagusta-103534
2023-03-06 12:17:17.791878,2023-03-06 18:00:00,Tschechien,2. Division,AC Sparta Prag B - SK Slavia Prag B,Interwetten,1.9,Bwin,3.5,Bet365,4.0,9,1.8377777777777777,3.388888888888889,3.75,0.031894889098682926,0.08425417160057283,0.1509230856356236,1.85,3.4,3.75,/de/fussball/ac-sparta-prag-b-sk-slavia-prag-b-257679
2023-03-06 12:17:20.542416,2023-03-06 18:00:00,Serbien,SuperLiga,Mladost Gat Novi Sad - Radnicki Nis,Bildbet,2.63,Betano,3.15,Bildbet,2.7,7,2.5428571428571427,2.98,2.6271428571428572,0.051468238670433764,0.08766820567180715,0.053107515129831834,2.54,3.0,2.64,/de/fussball/radnicki-nis-mladost-gat-novi-sad-976947
2023-03-06 12:17:23.559991,2023-03-06 18:00:00,Polen,I Liga,MKS Sandecja Nowy Sacz - OKS Odra Opole,mybet,1.9,Bet365,3.4,Betano,4.0,8,1.8562500000000002,3.31875,3.875,0.023418742493993963,0.07473912964438367,0.10606601717798216,1.855,3.325,3.8499999999999996,/de/fussball/mks-sandecja-nowy-sacz-oks-odra-opole-20506
2023-03-06 12:17:32.159487,2023-03-06 18:00:00,Afrika,CAF U20 Meisterschaft,Nigeria U20 - Gambia U20,Interwetten,2.35,Bwin,2.8,Bwin,3.2,4,2.2600000000000002,2.7625,3.1875,0.06363961030678923,0.04145780987944235,0.02165063509461108,2.245,2.775,3.2,/de/fussball/nigeria-u20-gambia-u20-1107976
2023-03-06 12:17:40.518615,2023-03-06 18:30:00,Griechenland,Superleague,Panathinaikos Athen - Panaitolikos,Interwetten,1.22,Bet365,6.5,Bildbet,18.0,9,1.2,6.088888888888889,14.833333333333334,0.012472191289246481,0.36801100359287103,2.260776661041756,1.2,5.8,14.0,/de/fussball/panathinaikos-athen-panaitolikos-97267
2023-03-06 12:17:46.562771,2023-03-06 18:30:00,Italien,Serie A,Sassuolo Calcio - Cremonese,mybet,1.88,Stake.com,3.65,Betano,4.4,10,1.837,3.555,4.306,0.0283019433961698,0.11280514172678478,0.08742997197757778,1.84,3.6,4.3149999999999995,/de/fussball/sassuolo-calcio-cremonese-65705
2023-03-06 12:17:54.057492,2023-03-06 18:30:00,Frankreich,Championnat National,Martigues - Red Star FC,Betano,3.05,Bildbet,3.1,Betano,2.4,7,2.992857142857143,2.982857142857143,2.295714285714286,0.031943828249996885,0.06249897958350676,0.05260557897006272,3.0,3.0,2.3,/de/fussball/red-star-fc-martigues-995015
2023-03-06 12:17:59.489505,2023-03-06 18:30:00,Saudi Arabien,Professional League,AL Hilal (Ksa) - Al Fateh,Betano,1.38,mybet,5.4,Interwetten,7.0,7,1.342857142857143,4.885714285714285,6.642857142857143,0.023733211036908758,0.21165046271470095,0.18405855323893036,1.35,4.8,6.5,/de/fussball/al-fateh-al-hilal-ksa-140583
2023-03-06 12:18:04.165287,2023-03-06 19:00:00,Dänemark,Superliga,AaB Aalborg - FC Midtjylland,Bildbet,3.9,Bet365,3.5,Betano,1.98,9,3.7666666666666666,3.411111111111111,1.9455555555555555,0.0912870929175276,0.0613631167621515,0.020061633428075338,3.75,3.4,1.95,/de/fussball/aab-aalborg-fc-midtjylland-108138
2023-03-06 12:18:09.142631,2023-03-06 19:00:00,Polen,Ekstraklasa,RKS Radomiak 1910 SA Radom - KGHM Zaglebie Lubin,mybet,2.02,Betano,3.4,Bet365,4.0,9,1.95,3.311111111111111,3.761111111111111,0.034641016151377574,0.06983225049986957,0.14294089255854006,1.95,3.3,3.75,/de/fussball/kghm-zaglebie-lubin-rks-radomiak-1910-sa-radom-806347
2023-03-06 12:18:13.228002,2023-03-06 19:00:00,Schweden,Svenska Cupen,AIK - Varbergs BOIS,Betano,1.33,mybet,5.1,Bildbet,9.0,9,1.301111111111111,4.961111111111111,7.772222222222222,0.016629588385661975,0.08748897637790902,0.4661372658534007,1.3,5.0,7.6,/de/fussball/aik-varbergs-bois-8367
2023-03-06 12:18:16.875933,2023-03-06 19:00:00,Schweden,Svenska Cupen,Västeras SK - Östersunds FK,Betano,1.55,mybet,4.35,Bildbet,5.25,9,1.5155555555555555,4.178888888888888,4.9222222222222225,0.020608041101101583,0.13219887749098536,0.1701488092345951,1.5,4.1,4.9,/de/fussball/oestersunds-fk-vaesteras-sk-33120
2023-03-06 12:18:20.488127,2023-03-06 19:00:00,Ungarn,NB 2,Diosgyör VTK - Gyirmot SE,Interwetten,1.73,Betano,3.8,NEO.bet,4.7,7,1.6728571428571428,3.6357142857142857,4.337142857142857,0.054435882523593264,0.09529760045804524,0.23057160559384254,1.7,3.6,4.33,/de/fussball/gyirmot-se-diosgyoer-vtk-26141
2023-03-06 12:18:24.391238,2023-03-06 19:00:00,Deutschland,3. Liga,Waldhof Mannheim - SV Elversberg,Bwin,2.87,mybet,3.6,NEO.bet,2.38,9,2.8033333333333332,3.45,2.2888888888888888,0.06944222218666557,0.07817359599705723,0.04794544224531417,2.85,3.45,2.3,/de/fussball/sv-elversberg-waldhof-mannheim-61107
2023-03-06 12:18:32.140442,2023-03-06 19:00:00,Island,Ligapokal,Leiknir Reykjavik - IBV Vestmannaeyjar,Bwin,2.55,Interwetten,4.0,Interwetten,2.35,4,2.5,3.85,2.245,0.08660254037844375,0.10606601717798211,0.09526279441628833,2.55,3.825,2.24,/de/fussball/ibv-vestmannaeyjar-leiknir-reykjavik-19328
2023-03-06 12:18:39.109032,2023-03-06 19:00:00,Brasilien,U20 Carioca,Bangu RJ U20 - Volta Redonda U20,NEO.bet,2.32,Bwin,3.3,NEO.bet,2.56,3,2.3066666666666666,3.283333333333333,2.5533333333333332,0.009428090415820642,0.0235702260395515,0.004714045207910426,2.3,3.3,2.55,/de/fussball/bangu-rj-u20-volta-redonda-u20-181798
2023-03-06 12:18:43.188789,2023-03-06 19:30:00,Rumänien,Liga 1,Acs Sepsi Osk Sfantu Gheorghe - CFR Cluj,Betano,2.6,Betano,3.15,Bildbet,2.9,9,2.4733333333333336,3.061111111111111,2.7955555555555556,0.07453559924999302,0.05152010275275393,0.05852086258783857,2.45,3.05,2.8,/de/fussball/cfr-cluj-acs-sepsi-osk-sfantu-gheorghe-100069
2023-03-06 12:18:48.006363,2023-03-06 19:30:00,Israel,Israeli Premier League,Maccabi Haifa - Hapoel Haifa,mybet,1.27,Bet365,6.0,Bildbet,11.5,8,1.23875,5.59375,10.25625,0.016153559979150123,0.2743600508455995,0.7966482520535647,1.2349999999999999,5.5,10.125,/de/fussball/hapoel-haifa-maccabi-haifa-105173
2023-03-06 12:19:07.441578,2023-03-06 20:00:00,Niederlande,Eerste Divisie,ADO Den Haag - Heracles Almelo,Bet365,3.1,mybet,3.55,Bildbet,2.3,9,2.966666666666667,3.3944444444444444,2.2066666666666666,0.07453559924999298,0.10122703976827001,0.05374838498865694,2.95,3.4,2.2,/de/fussball/ado-den-haag-heracles-almelo-70862
2023-03-06 12:19:11.549845,2023-03-06 20:00:00,Niederlande,Eerste Divisie,Ajax Amsterdam - Oss,Bildbet,1.7,NEO.bet,4.4,Bet365,4.75,7,1.667142857142857,4.111428571428571,4.285714285714286,0.023733211036908806,0.1790792778495102,0.2708640746551221,1.65,4.1,4.2,/de/fussball/ajax-amsterdam-oss-71034
2023-03-06 12:19:15.874788,2023-03-06 20:00:00,Niederlande,Eerste Divisie,AZ Alkmaar - Willem II,Bildbet,4.8,Bet365,4.0,Stake.com,1.71,7,4.5285714285714285,3.7857142857142856,1.6928571428571428,0.17083229633002,0.13014905113063288,0.018294640678379583,4.5,3.8,1.7,/de/fussball/az-alkmaar-willem-ii-976967
2023-03-06 12:19:23.862353,2023-03-06 20:00:00,Niederlande,Eerste Divisie,De Graafschap - Helmond Sport,Bildbet,1.53,Bet365,4.5,Bet365,6.0,9,1.4777777777777779,4.2444444444444445,5.85,0.02819683897877674,0.13425606637327314,0.20275875100994067,1.47,4.2,6.0,/de/fussball/de-graafschap-helmond-sport-72375
2023-03-06 12:19:27.786600,2023-03-06 20:00:00,Niederlande,Eerste Divisie,Jong FC Utrecht - Roda JC Kirchrath,Bildbet,3.0,Bet365,3.75,Bildbet,2.3,7,2.9014285714285712,3.5142857142857142,2.2285714285714286,0.06534055214873874,0.14568627181693666,0.04223355856884128,2.88,3.5,2.24,/de/fussball/jong-fc-utrecht-roda-jc-kirchrath-72017
2023-03-06 12:19:32.724932,2023-03-06 20:00:00,Niederlande,Eerste Divisie,PSV Eindhoven - NAC Breda,NEO.bet,2.58,Bet365,3.6,Bet365,3.0,7,2.2914285714285714,3.45,2.867142857142857,0.12123514005301211,0.08451542547285174,0.19099097104420454,2.25,3.45,2.9,/de/fussball/nac-breda-psv-eindhoven-71650
2023-03-06 12:19:46.013974,2023-03-06 20:00:00,Bolivien,Liga Profesional,Libertad Beni - Universidad De Vinto,Bet365,2.1,Bet365,3.6,Bildbet,3.4,8,2.05,3.40625,3.1625,0.03774917217635377,0.10439558180306292,0.12183492931011199,2.0549999999999997,3.375,3.1,/de/fussball/universidad-de-vinto-libertad-beni-1096004
2023-03-06 12:19:52.738087,2023-03-06 20:00:00,England,Premier League 2,Arsenal U21 - Liverpool U21,NEO.bet,2.94,mybet,3.95,mybet,2.2,3,2.73,3.816666666666667,2.08,0.18018509002319436,0.10274023338281629,0.10708252269472683,2.75,3.8,2.1,/de/fussball/arsenal-u21-liverpool-u21-1006070
2023-03-06 12:19:56.623538,2023-03-06 20:00:00,England,Premier League 2,Leicester U21 - Blackburn Rovers U21,Interwetten,3.3,mybet,3.95,Bwin,1.88,5,3.17,3.7800000000000002,1.85,0.08717797887081338,0.15033296378372907,0.02966479394838259,3.1,3.85,1.85,/de/fussball/leicester-u21-blackburn-rovers-u21-1006109
2023-03-06 12:20:00.394416,2023-03-06 20:00:00,England,Premier League 2,Manchester United U21 - Chelsea U21,Interwetten,2.2,NEO.bet,3.7,mybet,2.75,6,2.135,3.6416666666666666,2.658333333333333,0.044253060157839176,0.044876373392787564,0.05756638679723516,2.15,3.625,2.6399999999999997,/de/fussball/chelsea-u21-manchester-united-u21-85107
2023-03-06 12:20:24.155281,2023-03-06 20:30:00,Italien,Serie B,FC Genua - Cosenza Calcio,Betano,1.42,Stake.com,4.4,Bet365,10.0,8,1.39625,4.21375,8.7375,0.01866648065383506,0.18192975979756593,0.5475799028452377,1.4,4.265000000000001,8.55,/de/fussball/fc-genua-cosenza-calcio-992458
2023-03-06 12:20:32.214376,2023-03-06 20:30:00,Italien,Lega Pro Gruppe A,FC Pro Vercelli 1892 - Vicenza,Betano,3.4,Betano,3.15,Interwetten,2.15,7,3.1714285714285713,3.0785714285714287,2.1142857142857143,0.13324827218698307,0.06998542122237646,0.02498979383505122,3.15,3.1,2.1,/de/fussball/fc-pro-vercelli-1892-vicenza-66267
2023-03-06 12:20:36.511437,2023-03-06 20:45:00,Irland,Premier Division,Bohemian - Drogheda United,NEO.bet,1.6,mybet,4.35,Bildbet,5.75,9,1.5544444444444445,3.8333333333333335,5.283333333333333,0.02832788618662661,0.21602468994692858,0.2380476142847616,1.57,3.8,5.25,/de/fussball/drogheda-united-bohemian-5656
2023-03-06 12:20:40.385263,2023-03-06 20:45:00,Irland,Premier Division,Dundalk - Shelbourne,Betano,2.05,mybet,3.35,Bildbet,4.0,9,1.9877777777777776,3.081111111111111,3.7111111111111112,0.05370242654930917,0.10681702365826283,0.1559518760846467,1.98,3.05,3.65,/de/fussball/dundalk-shelbourne-6044
2023-03-06 12:20:44.272955,2023-03-06 20:45:00,Irland,Premier Division,Sligo Rovers - Saint Patrick´s Athletic,Betano,3.2,mybet,3.35,Interwetten,2.25,9,3.1055555555555556,3.161111111111111,2.188888888888889,0.07973722274670735,0.10482201257840669,0.0523756611084119,3.1,3.1,2.18,/de/fussball/saint-patrick-s-athletic-sligo-rovers-5696
2023-03-06 12:20:48.470063,2023-03-06 20:45:00,Irland,Premier Division,UC Dublin - Derry City,Bildbet,15.0,Bet365,6.0,Interwetten,1.22,5,11.9,6.0,1.206,1.624807680927192,0.0,0.01200000000000001,11.0,6.0,1.2,/de/fussball/derry-city-uc-dublin-5733
2023-03-06 12:20:52.632833,2023-03-06 20:45:00,Italien,Serie A,FC Turin - FC Bologna,mybet,2.33,Bet365,3.0,Betano,3.6,9,2.2855555555555553,2.9433333333333334,3.511111111111111,0.036548631563107774,0.06847546194724716,0.039283710065919276,2.3,2.95,3.5,/de/fussball/fc-turin-fc-bologna-65756
2023-03-06 12:20:57.226350,2023-03-06 20:45:00,Frankreich,Ligue 2,SM Caen - Sochaux,Betano,2.45,Bet365,3.2,Bildbet,3.13,9,2.401111111111111,3.0944444444444446,2.9922222222222223,0.026434171674156275,0.06849348892187751,0.08256684534737464,2.4,3.1,3.0,/de/fussball/sm-caen-sochaux-66625
2023-03-06 12:21:01.729228,2023-03-06 20:45:00,England,National League Süd,Chelmsford City - Dulwich Hamlet,Interwetten,2.0,Bwin,3.3,Bwin,3.4,5,1.934,3.27,3.37,0.037735924528226446,0.024494897427831695,0.040000000000000015,1.92,3.25,3.4,/de/fussball/chelmsford-city-dulwich-hamlet-89083
2023-03-06 12:21:33.172302,2023-03-06 20:45:00,England,Southern League Premier Center,Stourbridge - Alvechurch,Bwin,1.88,Stake.com,3.5,Bwin,3.3,3,1.8766666666666667,3.433333333333333,3.3,0.004714045207910216,0.04714045207910321,4.440892098500626e-16,1.88,3.4,3.3,/de/fussball/stourbridge-alvechurch-89570
2023-03-06 12:21:37.394834,2023-03-06 21:00:00,Spanien,La Liga,Osasuna - Celta de Vigo,Interwetten,2.75,mybet,3.1,Betano,2.9,10,2.696,3.012,2.834,0.05180733538795455,0.044676615807377355,0.05003998401278723,2.7,3.0,2.82,/de/fussball/celta-de-vigo-osasuna-75201
2023-03-06 12:21:42.468036,2023-03-06 21:00:00,Argentinien,Superliga,Arsenal de Sarandi - CA Belgrano,Stake.com,3.15,mybet,3.1,Stake.com,2.45,4,3.125,3.0,2.42,0.02499999999999991,0.061237243569579415,0.02121320343559655,3.125,2.975,2.415,/de/fussball/arsenal-de-sarandi-ca-belgrano-129923
2023-03-06 12:21:46.527250,2023-03-06 21:00:00,Argentinien,Superliga,Godoy Cruz - Racing Avellaneda,mybet,3.35,mybet,3.3,Bildbet,2.3,5,3.2600000000000002,3.22,2.254,0.05830951894845294,0.039999999999999855,0.03261901286060007,3.25,3.2,2.25,/de/fussball/godoy-cruz-racing-avellaneda-130699
2023-03-06 12:21:54.821228,2023-03-06 21:00:00,Irland,Premier Division,Shamrock Rovers - Cork City,Interwetten,1.43,mybet,4.35,Bildbet,8.5,9,1.4033333333333333,4.167777777777777,7.088888888888889,0.016329931618554533,0.16896927911295184,0.5389175250123456,1.4,4.2,7.0,/de/fussball/shamrock-rovers-cork-city-5904
2023-03-06 12:21:59.643243,2023-03-06 21:00:00,Spanien,Segunda Division,Villarreal B - Deportivo Alaves Sad,Bet365,3.4,Bet365,3.3,Bet365,2.25,9,3.3166666666666664,3.111111111111111,2.2055555555555557,0.07817359599705709,0.11732617823301598,0.05479479113750204,3.3,3.05,2.2,/de/fussball/deportivo-alaves-sad-villarreal-b-981185
2023-03-06 12:22:07.687036,2023-03-06 21:00:00,Argentinien,Primera B Nacional,CA Defensores de Belgrano - Guillermo Brown,Bet365,2.1,Sportingbet,3.0,mybet,4.5,7,2.031428571428571,2.9057142857142857,4.118571428571428,0.06490180966628888,0.06366365701473493,0.26872336128062857,2.05,2.9,4.05,/de/fussball/ca-defensores-de-belgrano-guillermo-brown-130264
2023-03-06 12:22:25.203105,2023-03-06 21:00:00,England,Premier League,Brentford - FC Fulham,Betano,2.0,Bet365,3.6,mybet,4.0,10,1.972,3.49,3.805,0.03187475490101848,0.07348469228349538,0.0820060973342836,1.9849999999999999,3.5,3.8,/de/fussball/brentford-fc-fulham-49252
2023-03-06 12:22:29.721489,2023-03-06 21:00:00,Peru,Primera Division,CC Deportivo Municipal - Deportivo Garcilaso,mybet,2.07,Bet365,3.5,Bet365,4.0,9,1.9566666666666666,3.3555555555555556,3.5833333333333335,0.047140452079103154,0.07243558228002946,0.1929306150465038,1.94,3.35,3.55,/de/fussball/cc-deportivo-municipal-deportivo-garcilaso-1106340
2023-03-06 12:22:33.296153,2023-03-06 21:00:00,Uruguay,Segunda Division,Potencia - Club Atletico Rentistas,Betano,3.1,Betano,3.25,Betano,2.18,6,3.0583333333333336,3.125,2.1533333333333333,0.044876373392787584,0.08036375634160799,0.012472191289246523,3.075,3.1,2.15,/de/fussball/club-atletico-rentistas-potencia-1100339
2023-03-06 12:22:40.012272,2023-03-06 21:00:00,Argentinien,Primera C,Leandro N. Alem - Puerto Nuevo,NEO.bet,2.34,Bwin,2.75,NEO.bet,3.4,5,2.288,2.7,3.21,0.03429285639896443,0.09999999999999999,0.11135528725660036,2.3,2.75,3.2,/de/fussball/leandro-n-alem-puerto-nuevo-176074
2023-03-06 12:22:46.291906,2023-03-06 21:00:00,Argentinien,1. Division Frauen,Satsaid Frauen - CA Platense Frauen,Bildbet,2.3,Bildbet,3.3,Bwin,2.75,3,2.2333333333333334,3.2666666666666666,2.75,0.047140452079103,0.0235702260395515,0.0,2.2,3.25,2.75,/de/fussball/ca-platense-frauen-satsaid-frauen-938542
2023-03-06 12:22:49.529469,2023-03-06 21:15:00,Portugal,Primeira Liga,Casa Pia AC - Pacos de Ferreira,Interwetten,2.05,Bwin,3.2,Bet365,4.33,9,1.9977777777777777,3.158888888888889,4.014444444444444,0.027799991118215097,0.052375661108412006,0.2152575259291433,2.0,3.2,4.0,/de/fussball/pacos-de-ferreira-casa-pia-ac-74002
2023-03-06 12:22:52.836795,2023-03-06 21:15:00,Kolumbien,Liga Feina,Deportivo Pereira Frauen - Deportivo Pasto Frauen,Bildbet,1.4,Bwin,3.9,Bwin,7.5,3,1.3866666666666665,3.8,7.5,0.009428090415820642,0.14142135623730942,0.0,1.38,3.9,7.5,/de/fussball/deportivo-pereira-frauen-deportivo-pasto-frauen-1097025
2023-03-06 12:23:07.832751,2023-03-06 21:30:00,Peru,Primera Division,Real Garcilaso - Union Comercio,Betano,1.47,mybet,4.4,Bet365,7.5,9,1.44,4.183333333333334,6.394444444444445,0.029814239699997153,0.11055415967851344,0.4918471106420303,1.45,4.2,6.25,/de/fussball/union-comercio-real-garcilaso-135072
2023-03-06 12:23:11.984737,2023-03-06 22:00:00,Argentinien,Primera B Nacional,CA Patronato Parana - CA Alvarado,Sportingbet,1.82,mybet,3.3,Bet365,5.5,7,1.7814285714285714,3.1385714285714283,4.964285714285714,0.040152769493014884,0.11407122730101217,0.365194943747549,1.8,3.13,5.0,/de/fussball/ca-patronato-parana-ca-alvarado-1087177
2023-03-06 12:23:15.974923,2023-03-06 22:00:00,Chile,Primera B,Barnechea - Deportes Iquique,Betano,2.42,Betano,3.3,Betano,2.8,8,2.38,3.14375,2.69625,0.025980762113533118,0.08454843286542923,0.06498797965777973,2.38,3.125,2.675,/de/fussball/deportes-iquique-barnechea-36498
2023-03-06 12:23:20.948116,2023-03-06 22:00:00,Chile,Primera B,CD La Serena - CSD Rangers,Betano,1.83,Betano,3.5,mybet,4.25,8,1.775,3.375,4.03125,0.026457513110645932,0.08291561975888495,0.14986973510352253,1.77,3.4,3.975,/de/fussball/csd-rangers-cd-la-serena-133181
2023-03-06 12:23:27.888187,2023-03-06 23:00:00,Jamaika,Premier League,Portmore United - Chapelton Maroons,Interwetten,1.6,NEO.bet,3.6,NEO.bet,7.0,6,1.53,3.466666666666667,5.941666666666666,0.06506407098647718,0.09428090415820642,0.7667119551840978,1.565,3.4,5.575,/de/fussball/portmore-united-chapelton-maroons-1074493
2023-03-06 12:23:32.201142,2023-03-06 23:30:00,Uruguay,Primera Division,Plaza Colonia - Atletico Fenix Montevideo,Bet365,2.6,mybet,3.15,NEO.bet,2.84,6,2.52,3.0716666666666668,2.6983333333333333,0.0856348838577676,0.06593346814950822,0.10172129679778075,2.55,3.075,2.675,/de/fussball/atletico-fenix-montevideo-plaza-colonia-132297
2023-03-06 12:23:36.773886,2023-03-07 00:00:00,Brasilien,Campeonato Paraense,Aguia de Maraba - Tapajos PA,Bwin,1.55,Bwin,3.7,Sportingbet,5.25,5,1.542,3.66,5.19,0.00979795897113272,0.03741657386773947,0.09695359714832659,1.55,3.65,5.25,/de/fussball/aguia-de-maraba-tapajos-pa-128491
2023-03-06 12:23:41.280667,2023-03-07 00:00:00,Brasilien,Campeonato Capixaba,Estrela Do Norte ES - Vilavelhense ES,Interwetten,1.85,Bwin,3.2,Bwin,4.0,3,1.8166666666666667,3.2,4.0,0.023570226039551605,4.440892098500626e-16,0.0,1.8,3.2,4.0,/de/fussball/estrela-do-norte-es-vilavelhense-es-760272
2023-03-06 12:23:45.780195,2023-03-07 00:00:00,Brasilien,Brasileiro Frauen,Gremio RS Frauen - Atletico Mineiro Frauen,Interwetten,1.95,Stake.com,3.25,Interwetten,3.65,4,1.9224999999999999,3.2,3.575,0.022776083947860768,0.03535533905932741,0.07499999999999996,1.92,3.2,3.575,/de/fussball/gremio-rs-frauen-atletico-mineiro-frauen-923595
2023-03-06 12:23:49.769029,2023-03-07 00:00:00,Kolumbien,Primera B,FC Leones - Boyaca Patriotas FC,Betano,2.5,mybet,3.2,Betano,2.87,6,2.4516666666666667,3.045,2.7683333333333335,0.03975620147292185,0.08341662504161472,0.0769018133003955,2.45,3.05,2.775,/de/fussball/boyaca-patriotas-fc-fc-leones-133721
2023-03-06 12:23:53.651120,2023-03-07 00:00:00,Mexiko,"Liga MX, Frauen, Clausura",Deportivo Toluca Frauen - UNAM Frauen,Bildbet,2.88,Bwin,3.4,Interwetten,2.3,5,2.726,3.35,2.23,0.07939773296511676,0.044721359549995836,0.039999999999999855,2.7,3.35,2.2,/de/fussball/unam-frauen-deportivo-toluca-frauen-244847
